Row,domain,phylum,class,order,family,genus,species
RUG358.fasta,d__Bacteria,p__Bacteroidota,c__Bacteroidia,o__Bacteroidales,,,
RUG093.fasta,d__Bacteria,p__Bacteroidota,c__Bacteroidia,o__Bacteroidales,,,
hRUG888.fasta,d__Bacteria,p__Bacteroidota,c__Bacteroidia,o__Bacteroidales,,,
RUG097.fasta,d__Bacteria,p__Firmicutes_C,c__Negativicutes,o__Acidaminococcales,f__Acidaminococcaceae,g__Succiniclasticum,s__Succiniclasticum sp900315345
RUG769.fasta,d__Bacteria,p__Proteobacteria,c__Alphaproteobacteria,,,,
RUG813.fasta,d__Bacteria,p__Firmicutes_A,,,,,
RUG069.fasta,d__Bacteria,p__Bacteroidota,c__Bacteroidia,o__Bacteroidales,,,
RUG631.fasta,d__Bacteria,p__Bacteroidota,c__Bacteroidia,o__Bacteroidales,,,
RUG673.fasta,d__Bacteria,p__Bipolaricaulota(reject),,,,,
RUG753.fasta,d__Bacteria,p__Bacteroidota,c__Bacteroidia,o__Bacteroidales,,,
RUG819.fasta,d__Bacteria,p__Firmicutes_A,,,,,
RUG714.fasta,d__Bacteria,p__Firmicutes_A,,,,,
RUG648.fasta,d__Archaea,p__Methanobacteriota,c__Methanobacteria,o__Methanobacteriales,f__Methanobacteriaceae,g__Methanobrevibacter_A,s__Methanobrevibacter_A sp900320955
RUG187.fasta,d__Bacteria,p__Patescibacteria,c__Paceibacteria,,,,
RUG161.fasta,d__Bacteria,p__Actinobacteriota,c__Coriobacteriia,,,,
RUG755.fasta,d__Bacteria,p__Bacteroidota,c__Bacteroidia,o__Bacteroidales,,,
RUG300.fasta,d__Bacteria,p__Firmicutes_A,,,,,
RUG102.fasta,d__Bacteria,p__Firmicutes_C,c__Negativicutes,o__Selenomonadales,f__Selenomonadaceae,g__Selenomonas_C,s__Selenomonas_C sp900315575
RUG454.fasta,d__Bacteria,p__Bacteroidota,c__Bacteroidia,o__Bacteroidales,,,
RUG257.fasta,d__Bacteria,p__Bacteroidota,c__Bacteroidia,o__Bacteroidales,,,
RUG530.fasta,d__Bacteria,p__Firmicutes,c__Bacilli,,,,
RUG020.fasta,d__Archaea,p__Methanobacteriota,c__Methanobacteria,o__Methanobacteriales(reject),,,
RUG577.fasta,d__Bacteria,p__Bacteroidota,c__Bacteroidia,o__Bacteroidales,,,
RUG373.fasta,d__Bacteria,p__Bacteroidota,c__Bacteroidia,o__Bacteroidales,,,
hRUG853.fasta,d__Bacteria,p__Firmicutes_A,,,,,
RUG553.fasta,d__Bacteria,p__Bacteroidota,c__Bacteroidia,o__Bacteroidales,,,
hRUG910.fasta,d__Bacteria(reject),p__Firmicutes,c__Bacilli,,,,
RUG092.fasta,d__Archaea,p__Methanobacteriota,c__Methanobacteria,o__Methanobacteriales,f__Methanobacteriaceae,g__Methanobrevibacter_A,s__Methanobrevibacter_A sp900314695
RUG429.fasta,d__Bacteria,p__Bacteroidota,c__Bacteroidia,o__Bacteroidales,,,
RUG825.fasta,d__Bacteria,p__Firmicutes_A,,,,,
RUG831.fasta,d__Bacteria,p__Fibrobacterota,c__Fibrobacteria,o__Fibrobacterales,f__Fibrobacteraceae,g__Fibrobacter,s__Fibrobacter sp900313675
RUG830.fasta,d__Bacteria,p__Firmicutes_A,,,,,
RUG589.fasta,d__Bacteria,p__Bacteroidota,c__Bacteroidia,o__Bacteroidales,,,
RUG411.fasta,d__Bacteria,p__Firmicutes_A,,,,,
RUG296.fasta,d__Bacteria,p__Firmicutes_A,,,,,
RUG569.fasta,d__Bacteria,p__Bacteroidota,c__Bacteroidia,o__Bacteroidales,,,
hRUG864.fasta,d__Bacteria,p__Firmicutes_C(reject),c__Negativicutes,o__Selenomonadales,f__Selenomonadaceae,g__UBA2913(reject),
RUG598.fasta,d__Bacteria,p__Bacteroidota,c__Bacteroidia,o__Bacteroidales,,,
RUG357.fasta,d__Bacteria,p__Firmicutes,c__Bacilli,,,,
RUG613.fasta,d__Bacteria,p__Firmicutes_A,,,,,
RUG235.fasta,d__Bacteria,p__Firmicutes_A,,,,,
RUG289.fasta,d__Bacteria,p__Firmicutes_A,,,,,
RUG251.fasta,d__Bacteria,p__Firmicutes_A(reject),,,,,
RUG796.fasta,d__Bacteria,p__Firmicutes_A,,,,,
RUG325.fasta,d__Bacteria,p__Bacteroidota,c__Bacteroidia,o__Bacteroidales,,,
RUG759.fasta,d__Bacteria,p__Bacteroidota,c__Bacteroidia,o__Bacteroidales,,,
RUG122.fasta,d__Bacteria,p__Firmicutes_A,,,,,
RUG050.fasta,d__Bacteria,p__Firmicutes,c__Bacilli,,,,
RUG632.fasta,d__Bacteria,p__Proteobacteria(reject),c__Alphaproteobacteria(reject),,,,
RUG415.fasta,d__Bacteria,p__Bacteroidota,c__Bacteroidia,o__Bacteroidales,,,
RUG130.fasta,d__Bacteria,p__Elusimicrobiota,c__Elusimicrobia,o__Elusimicrobiales,f__Elusimicrobiaceae,g__UBA1436,s__UBA1436 sp900315845
RUG469.fasta,d__Bacteria,p__Bacteroidota,c__Bacteroidia,o__Bacteroidales,,,
RUG417.fasta,d__Bacteria,p__Bacteroidota,c__Bacteroidia,o__Bacteroidales,,,
RUG444.fasta,d__Bacteria,p__Firmicutes_A(reject),,,,,
RUG762.fasta,d__Bacteria,p__Firmicutes_A,,,,,
RUG260.fasta,d__Bacteria,p__Firmicutes_A(reject),,,,,
RUG366.fasta,d__Bacteria,p__Firmicutes_A,,,,,
RUG144.fasta,d__Bacteria,p__Bacteroidota,c__Bacteroidia,o__Bacteroidales,,,
RUG399.fasta,d__Bacteria,p__Firmicutes_A,,,,,
RUG601.fasta,d__Bacteria,p__Firmicutes_A,,,,,
RUG145.fasta,d__Bacteria(reject),p__Firmicutes_A,,,,,
RUG550.fasta,d__Bacteria,p__Bacteroidota,c__Bacteroidia,o__Bacteroidales,,,
RUG083.fasta,d__Bacteria,p__Bacteroidota,c__Bacteroidia,o__Bacteroidales,,,
RUG247.fasta,d__Bacteria,p__Firmicutes_A,,,,,
RUG645.fasta,d__Bacteria(reject),p__Bacteroidota(reject),c__Bacteroidia,o__Bacteroidales,,,
RUG528.fasta,d__Bacteria,p__Bacteroidota(reject),c__Bacteroidia,o__Bacteroidales,,,
RUG562.fasta,d__Bacteria,p__Bacteroidota,c__Bacteroidia,o__Bacteroidales,,,
RUG157.fasta,d__Bacteria,p__Firmicutes_A,,,,,
RUG724.fasta,d__Bacteria,p__Firmicutes_A,,,,,
RUG035.fasta,d__Bacteria,p__Firmicutes_A(reject),,,,,
RUG675.fasta,d__Bacteria,p__Firmicutes_A(reject),,,,,
RUG414.fasta,d__Bacteria,p__Bacteroidota,c__Bacteroidia,o__Bacteroidales,,,
RUG545.fasta,d__Archaea,p__Methanobacteriota,c__Methanobacteria,o__Methanobacteriales,f__Methanobacteriaceae,g__Methanobrevibacter_A,s__Methanobrevibacter_A sp900319985
RUG360.fasta,d__Bacteria,p__Bacteroidota,c__Bacteroidia,o__Bacteroidales,,,
RUG790.fasta,d__Bacteria,p__Bacteroidota(reject),c__Bacteroidia,o__Bacteroidales,,,
RUG124.fasta,d__Bacteria(reject),p__Bacteroidota,c__Bacteroidia,o__Bacteroidales,,,
RUG476.fasta,d__Bacteria,p__Bacteroidota,c__Bacteroidia,o__Bacteroidales,,,
RUG140.fasta,d__Bacteria,p__Firmicutes_C,c__Negativicutes,o__Acidaminococcales,f__Acidaminococcaceae,g__Succiniclasticum,s__Succiniclasticum sp900315925
RUG683.fasta,d__Bacteria,p__Firmicutes_A,,,,,
RUG228.fasta,d__Bacteria,p__Bacteroidota(reject),c__Bacteroidia,o__Bacteroidales,,,
RUG152.fasta,d__Bacteria,p__Bacteroidota,c__Bacteroidia,o__Bacteroidales,,,
RUG409.fasta,d__Bacteria,p__Firmicutes_A,,,,,
RUG511.fasta,d__Bacteria,p__Firmicutes_A,,,,,
RUG608.fasta,d__Bacteria,p__Firmicutes_A,,,,,
RUG465.fasta,d__Bacteria,p__Bacteroidota,c__Bacteroidia,o__Bacteroidales,,,
RUG482.fasta,d__Bacteria,p__Bacteroidota,c__Bacteroidia,o__Bacteroidales,,,
RUG371.fasta,d__Bacteria,p__Firmicutes_C,c__Negativicutes,o__Selenomonadales,f__Selenomonadaceae,g__Selenomonas_C,s__Selenomonas_C sp900318215
RUG256.fasta,d__Archaea,p__Methanobacteriota,c__Methanobacteria,o__Methanobacteriales,f__Methanobacteriaceae,g__Methanobrevibacter_A,s__Methanobrevibacter_A sp900314695
RUG728.fasta,d__Bacteria,p__Cyanobacteria,c__Vampirovibrionia,o__Gastranaerophilales,f__Gastranaerophilaceae,g__UBA6984,s__UBA6984 sp900321735
RUG379.fasta,d__Bacteria,p__Bacteroidota,c__Bacteroidia,o__Bacteroidales,,,
RUG109.fasta,d__Bacteria,p__Firmicutes_A,,,,,
RUG430.fasta,d__Bacteria,p__Bacteroidota,c__Bacteroidia,o__Bacteroidales,,,
RUG270.fasta,d__Bacteria,p__Firmicutes_A,,,,,
RUG337.fasta,d__Bacteria,p__Bacteroidota,c__Bacteroidia,o__Bacteroidales,,,
RUG338.fasta,d__Archaea,p__Methanobacteriota,c__Methanobacteria,o__Methanobacteriales,f__Methanobacteriaceae,g__Methanobrevibacter_A,s__Methanobrevibacter_A sp900317865
RUG472.fasta,d__Bacteria,p__Firmicutes_A,,,,,
RUG233.fasta,d__Bacteria,p__Bacteroidota,c__Bacteroidia,o__Bacteroidales,,,
hRUG886.fasta,d__Bacteria,p__Firmicutes_A,,,,,
RUG822.fasta,d__Bacteria,p__Firmicutes_A,,,,,
RUG662.fasta,d__Bacteria,p__Firmicutes_A,,,,,
hRUG859.fasta,d__Bacteria,p__Firmicutes_A,,,,,
RUG100.fasta,d__Bacteria,p__Firmicutes_A,,,,,
RUG723.fasta,d__Bacteria,p__Bacteroidota,c__Bacteroidia,o__Bacteroidales,,,
hRUG863.fasta,d__Bacteria,p__Firmicutes_C(reject),c__Negativicutes,o__Acidaminococcales,f__Acidaminococcaceae,g__Succiniclasticum,s__Succiniclasticum sp900316935
RUG404.fasta,d__Bacteria,p__Firmicutes_A,,,,,
RUG739.fasta,d__Bacteria,p__Bacteroidota,c__Bacteroidia,o__Bacteroidales,,,
RUG348.fasta,d__Bacteria,p__Bacteroidota,c__Bacteroidia,o__Bacteroidales,,,
RUG312.fasta,d__Bacteria,p__Bacteroidota,c__Bacteroidia,o__Bacteroidales,,,
RUG793.fasta,d__Bacteria,p__Firmicutes,c__Bacilli,,,,
hRUG908.fasta,d__Bacteria,p__Bacteroidota,c__Bacteroidia,o__Bacteroidales,,,
RUG120.fasta,d__Archaea,p__Methanobacteriota,c__Methanobacteria,o__Methanobacteriales,f__Methanobacteriaceae,g__Methanobrevibacter_B,s__Methanobrevibacter_B sp900314605
RUG156.fasta,d__Bacteria,p__Bacteroidota,c__Bacteroidia,o__Bacteroidales,,,
RUG073.fasta,d__Bacteria,p__Bacteroidota,c__Bacteroidia,o__Bacteroidales,,,
RUG743.fasta,d__Bacteria,p__Firmicutes_A,,,,,
hRUG878.fasta,d__Bacteria,p__Bacteroidota,c__Bacteroidia,o__Bacteroidales,,,
RUG387.fasta,d__Bacteria,p__Bacteroidota,c__Bacteroidia,o__Bacteroidales,,,
RUG679.fasta,d__Bacteria,p__Bacteroidota,c__Bacteroidia,o__Bacteroidales,,,
RUG362.fasta,d__Bacteria,p__Bacteroidota,c__Bacteroidia,o__Bacteroidales,,,
RUG621.fasta,d__Bacteria,p__Cyanobacteria,c__Vampirovibrionia,o__Gastranaerophilales,f__Gastranaerophilaceae,g__UBA1221,s__UBA1221 sp900320675
RUG299.fasta,d__Bacteria,p__Firmicutes_A,,,,,
RUG485.fasta,d__Bacteria,p__Bacteroidota,c__Bacteroidia,o__Bacteroidales,,,
RUG385.fasta,d__Bacteria,p__Firmicutes_A,,,,,
RUG392.fasta,d__Bacteria,p__Bacteroidota,c__Bacteroidia,o__Bacteroidales,,,
RUG558.fasta,d__Bacteria,p__Bacteroidota,c__Bacteroidia,o__Bacteroidales,,,
RUG117.fasta,d__Bacteria,p__Firmicutes_A,,,,,
RUG580.fasta,d__Bacteria,p__Firmicutes_A,,,,,
RUG231.fasta,d__Bacteria,p__Firmicutes_A,,,,,
RUG019.fasta,d__Bacteria,p__Firmicutes_C,c__Negativicutes,o__Acidaminococcales,f__Acidaminococcaceae,g__Succiniclasticum,s__Succiniclasticum sp900315925
RUG202.fasta,d__Bacteria,p__Firmicutes_A,,,,,
RUG022.fasta,d__Bacteria,p__Bacteroidota,c__Bacteroidia,o__Bacteroidales,,,
RUG350.fasta,d__Bacteria,p__Firmicutes_A(reject),,,,,
RUG401.fasta,d__Bacteria,p__Bacteroidota,c__Bacteroidia,o__Bacteroidales,,,
RUG502.fasta,d__Bacteria,p__Firmicutes_A,,,,,
RUG510.fasta,d__Bacteria,p__Bacteroidota,c__Bacteroidia,o__Bacteroidales,,,
RUG198.fasta,d__Bacteria,p__Firmicutes_A,,,,,
RUG761.fasta,d__Archaea(reject),p__Methanobacteriota,c__Methanobacteria,o__Methanobacteriales,f__Methanobacteriaceae,g__Methanosphaera,
RUG592.fasta,d__Bacteria,p__Firmicutes_A,,,,,
RUG162.fasta,d__Bacteria,p__Firmicutes_C,c__Negativicutes,o__Selenomonadales,f__Selenomonadaceae,g__UBA2913(reject),
hRUG873.fasta,d__Bacteria,p__Bacteroidota,c__Bacteroidia,o__Bacteroidales,,,
RUG709.fasta,d__Bacteria,p__Firmicutes_A,,,,,
RUG219.fasta,d__Bacteria,p__Bacteroidota,c__Bacteroidia,o__Bacteroidales,,,
RUG480.fasta,d__Bacteria,p__Firmicutes_A,,,,,
RUG389.fasta,d__Bacteria,p__Firmicutes_A,,,,,
RUG077.fasta,d__Bacteria,p__Firmicutes_C,c__Negativicutes,o__Selenomonadales,f__Selenomonadaceae,g__Selenomonas_A(reject),
RUG125.fasta,d__Bacteria,p__Bacteroidota,c__Bacteroidia,o__Bacteroidales,,,
RUG572.fasta,d__Bacteria,p__Verrucomicrobiota,c__Kiritimatiellae,o__RFP12,,,
RUG778.fasta,d__Bacteria,p__Actinobacteriota(reject),c__Coriobacteriia,,,,
RUG437.fasta,d__Bacteria,p__Bacteroidota,c__Bacteroidia,o__Bacteroidales,,,
RUG179.fasta,d__Bacteria,p__Firmicutes_C,c__Negativicutes,o__Selenomonadales,f__Selenomonadaceae,g__UBA2897,s__UBA2897 sp900316275
RUG368.fasta,d__Bacteria,p__Firmicutes_A,,,,,
RUG196.fasta,d__Bacteria,p__Firmicutes_A,,,,,
RUG826.fasta,d__Bacteria,p__Bacteroidota,c__Bacteroidia,o__Bacteroidales,,,
RUG507.fasta,d__Bacteria,p__Bacteroidota,c__Bacteroidia,o__Bacteroidales,,,
RUG514.fasta,d__Bacteria,p__Desulfobacterota,c__Desulfovibrionia,o__Desulfovibrionales,f__Desulfovibrionaceae,g__Desulfovibrio,s__Desulfovibrio sp900546145(reject)
RUG006.fasta,d__Bacteria,p__Firmicutes_A,,,,,
RUG560.fasta,d__Bacteria,p__Proteobacteria,c__Alphaproteobacteria,,,,
RUG818.fasta,d__Bacteria,p__Bacteroidota,c__Bacteroidia,o__Bacteroidales,,,
RUG081.fasta,d__Bacteria,p__Firmicutes_A,,,,,
RUG843.fasta,d__Bacteria,p__Bacteroidota,c__Bacteroidia,o__Bacteroidales,,,
RUG031.fasta,d__Archaea,p__Methanobacteriota,c__Methanobacteria,o__Methanobacteriales,f__Methanobacteriaceae,g__Methanobrevibacter_A,s__Methanobrevibacter_A sp900314695
RUG177.fasta,d__Bacteria,p__Firmicutes_A,,,,,
RUG446.fasta,d__Bacteria,p__Bacteroidota,c__Bacteroidia,o__Bacteroidales,,,
RUG731.fasta,d__Bacteria,p__Firmicutes_A,,,,,
RUG184.fasta,d__Bacteria,p__Bacteroidota,c__Bacteroidia,o__Bacteroidales,,,
RUG524.fasta,d__Bacteria,p__Firmicutes_A(reject),,,,,
RUG422.fasta,d__Bacteria,p__Actinobacteriota,c__Actinomycetia,o__Streptosporangiales,f__Streptosporangiaceae,,
RUG582.fasta,d__Bacteria,p__Bacteroidota,c__Bacteroidia,o__Bacteroidales,,,
RUG617.fasta,d__Bacteria,p__Firmicutes_A,,,,,
RUG163.fasta,d__Bacteria,p__Bacteroidota,c__Bacteroidia,o__Bacteroidales,,,
RUG741.fasta,d__Bacteria,p__Firmicutes_A,,,,,
RUG491.fasta,d__Archaea(reject),p__Micrarchaeota(reject),,,,,
RUG135.fasta,d__Bacteria,p__Firmicutes_A,,,,,
RUG804.fasta,d__Bacteria,p__Actinobacteriota(reject),c__Coriobacteriia,,,,
RUG146.fasta,d__Bacteria,p__Firmicutes_A,,,,,
RUG080.fasta,d__Bacteria,p__Firmicutes_A,,,,,
RUG095.fasta,d__Bacteria,p__Firmicutes_A,,,,,
RUG603.fasta,d__Bacteria,p__Bacteroidota,c__Bacteroidia,o__Bacteroidales,,,
RUG575.fasta,d__Bacteria,p__Bacteroidota,c__Bacteroidia,o__Bacteroidales,,,
RUG489.fasta,d__Bacteria,p__Bacteroidota,c__Bacteroidia,o__Bacteroidales,,,
RUG331.fasta,d__Bacteria,p__Bacteroidota,c__Bacteroidia,o__Bacteroidales,,,
RUG099.fasta,d__Bacteria,p__Firmicutes_A,,,,,
RUG217.fasta,d__Bacteria,p__Firmicutes_A,,,,,
RUG800.fasta,d__Bacteria,p__Bacteroidota,c__Bacteroidia,o__Bacteroidales,,,
RUG533.fasta,d__Bacteria,p__Bacteroidota,c__Bacteroidia,o__Bacteroidales,,,
RUG760.fasta,d__Bacteria,p__Firmicutes_A,,,,,
RUG388.fasta,d__Bacteria,p__Firmicutes_A(reject),,,,,
RUG678.fasta,d__Bacteria,p__Firmicutes_A,,,,,
hRUG876.fasta,d__Bacteria,p__Firmicutes(reject),c__Bacilli,,,,
hRUG904.fasta,d__Bacteria,p__Firmicutes_A,,,,,
RUG458.fasta,d__Bacteria,p__Firmicutes_A,,,,,
hRUG902.fasta,d__Bacteria,p__Firmicutes_A(reject),,,,,
RUG733.fasta,d__Bacteria,p__Bacteroidota,c__Bacteroidia,o__Bacteroidales,,,
RUG390.fasta,d__Bacteria,p__Bacteroidota,c__Bacteroidia,o__Bacteroidales,,,
RUG434.fasta,d__Bacteria,p__Bacteroidota,c__Bacteroidia,o__Bacteroidales,,,
RUG506.fasta,d__Bacteria,p__Bacteroidota,c__Bacteroidia,o__Bacteroidales,,,
RUG774.fasta,d__Bacteria,p__Proteobacteria,c__Alphaproteobacteria,,,,
RUG442.fasta,d__Bacteria,p__Bacteroidota,c__Bacteroidia,o__Bacteroidales,,,
RUG400.fasta,d__Bacteria,p__Spirochaetota,c__Spirochaetia,,,,
RUG711.fasta,d__Bacteria(reject),p__Bacteroidota,c__Bacteroidia,o__Bacteroidales,,,
RUG494.fasta,d__Bacteria,p__Bacteroidota(reject),c__Bacteroidia,o__Bacteroidales,,,
RUG817.fasta,d__Bacteria,p__Firmicutes_A,,,,,
RUG273.fasta,d__Bacteria,p__Bacteroidota,c__Bacteroidia,o__Bacteroidales,,,
RUG332.fasta,d__Bacteria,p__Firmicutes_A,,,,,
RUG771.fasta,d__Bacteria,p__Bacteroidota,c__Bacteroidia,o__Bacteroidales,,,
RUG656.fasta,d__Bacteria,p__Firmicutes_A,,,,,
RUG127.fasta,d__Bacteria,p__Firmicutes_A,,,,,
RUG262.fasta,d__Bacteria,p__Firmicutes,c__Bacilli,,,,
RUG513.fasta,d__Bacteria,p__Firmicutes,c__Bacilli,,,,
RUG449.fasta,d__Bacteria,p__Firmicutes_A,,,,,
RUG232.fasta,d__Bacteria,p__Bacteroidota,c__Bacteroidia,o__Bacteroidales,,,
RUG195.fasta,d__Bacteria,p__Bacteroidota,c__Bacteroidia,o__Bacteroidales,,,
hRUG899.fasta,d__Bacteria,p__Firmicutes_A,,,,,
RUG071.fasta,d__Bacteria,p__Bacteroidota,c__Bacteroidia,o__Bacteroidales,,,
hRUG900.fasta,d__Bacteria,p__Spirochaetota(reject),c__Spirochaetia,,,,
RUG208.fasta,d__Bacteria,p__Bacteroidota(reject),c__Bacteroidia,o__Bacteroidales,,,
RUG265.fasta,d__Bacteria,p__Bacteroidota,c__Bacteroidia,o__Bacteroidales,,,
RUG672.fasta,d__Bacteria,p__Cyanobacteria,c__Vampirovibrionia,o__Gastranaerophilales,f__Gastranaerophilaceae,g__CAG-196,s__CAG-196 sp900321205
RUG147.fasta,d__Bacteria,p__Firmicutes_A,,,,,
RUG432.fasta,d__Bacteria,p__Firmicutes_A,,,,,
RUG623.fasta,d__Bacteria,p__Firmicutes_A,,,,,
RUG036.fasta,d__Bacteria,p__Bacteroidota,c__Bacteroidia,o__Bacteroidales,,,
RUG719.fasta,d__Bacteria,p__Bacteroidota,c__Bacteroidia,o__Bacteroidales,,,
RUG734.fasta,d__Bacteria,p__Bacteroidota,c__Bacteroidia,o__Bacteroidales,,,
RUG481.fasta,d__Bacteria,p__Bacteroidota,c__Bacteroidia,o__Bacteroidales,,,
RUG433.fasta,d__Bacteria,p__Firmicutes_A,,,,,
RUG716.fasta,d__Bacteria,p__Bacteroidota,c__Bacteroidia,o__Bacteroidales,,,
hRUG898.fasta,d__Archaea(reject),p__Thermoplasmatota,,,,,
RUG203.fasta,d__Bacteria,p__Firmicutes_A,,,,,
RUG274.fasta,d__Bacteria,p__Firmicutes_A(reject),,,,,
RUG773.fasta,d__Bacteria,p__Bacteroidota,c__Bacteroidia,o__Bacteroidales,,,
RUG029.fasta,d__Bacteria,p__Firmicutes_A(reject),,,,,
RUG128.fasta,d__Bacteria,p__Firmicutes_A,,,,,
RUG396.fasta,d__Bacteria,p__Bacteroidota(reject),c__Bacteroidia,o__Bacteroidales,,,
RUG687.fasta,d__Bacteria,p__Firmicutes_A,,,,,
RUG063.fasta,d__Bacteria,p__Bacteroidota,c__Bacteroidia,o__Bacteroidales,,,
RUG833.fasta,d__Archaea,p__Methanobacteriota,c__Methanobacteria,o__Methanobacteriales,f__Methanobacteriaceae,g__Methanobrevibacter_A,s__Methanobrevibacter_A sp900319985
RUG314.fasta,d__Bacteria,p__Spirochaetota,c__Spirochaetia,,,,
RUG829.fasta,d__Bacteria,p__Firmicutes_A,,,,,
RUG307.fasta,d__Bacteria,p__Bacteroidota,c__Bacteroidia,o__Bacteroidales,,,
RUG347.fasta,d__Bacteria,p__Firmicutes_A,,,,,
RUG563.fasta,d__Bacteria,p__Firmicutes_A,,,,,
RUG585.fasta,d__Bacteria,p__Proteobacteria,c__Alphaproteobacteria,,,,
RUG183.fasta,d__Bacteria,p__Firmicutes_A,,,,,
RUG330.fasta,d__Bacteria,p__Bacteroidota,c__Bacteroidia,o__Bacteroidales,,,
RUG159.fasta,d__Bacteria,p__Firmicutes_A,,,,,
RUG269.fasta,d__Bacteria,p__Bacteroidota,c__Bacteroidia,o__Bacteroidales,,,
RUG155.fasta,d__Bacteria,p__Firmicutes_A,,,,,
RUG521.fasta,d__Bacteria,p__Firmicutes(reject),c__Bacilli,,,,
RUG121.fasta,d__Archaea,p__Methanobacteriota,c__Methanobacteria,o__Methanobacteriales,f__Methanobacteriaceae,g__Methanobrevibacter_B,s__Methanobrevibacter_B sp900314605
RUG807.fasta,d__Bacteria,p__Desulfobacterota(reject),c__Syntrophobacteria,,,,
RUG234.fasta,d__Bacteria,p__Bacteroidota,c__Bacteroidia,o__Bacteroidales,,,
RUG271.fasta,d__Bacteria,p__Firmicutes_A,,,,,
RUG749.fasta,d__Bacteria(reject),p__Bacteroidota,c__Bacteroidia,o__Bacteroidales,,,
RUG174.fasta,d__Bacteria,p__Bacteroidota,c__Bacteroidia,o__Bacteroidales,,,
hRUG857.fasta,d__Bacteria,p__Bacteroidota,c__Bacteroidia,o__Bacteroidales,,,
RUG574.fasta,d__Bacteria,p__Bacteroidota(reject),c__Bacteroidia,o__Bacteroidales,,,
hRUG872.fasta,d__Bacteria,p__Firmicutes_A,,,,,
hRUG861.fasta,d__Bacteria,p__Firmicutes_A,,,,,
RUG089.fasta,d__Bacteria(reject),p__Firmicutes_A,,,,,
RUG315.fasta,d__Bacteria,p__Bacteroidota,c__Bacteroidia,o__Bacteroidales,,,
RUG561.fasta,d__Bacteria,p__Firmicutes_A,,,,,
hRUG901.fasta,d__Bacteria,p__Cyanobacteria,c__Vampirovibrionia,o__Gastranaerophilales,f__Gastranaerophilaceae,g__UBA2813,s__UBA2813 sp900314375
RUG383.fasta,d__Bacteria,p__Bacteroidota,c__Bacteroidia,o__Bacteroidales,,,
RUG131.fasta,d__Bacteria,p__Firmicutes,c__Bacilli,,,,
RUG605.fasta,d__Bacteria,p__Firmicutes_A,,,,,
RUG579.fasta,d__Bacteria(reject),p__Bacteroidota(reject),c__Bacteroidia,o__Bacteroidales,,,
RUG628.fasta,d__Bacteria,p__Firmicutes_C,c__Negativicutes,o__Selenomonadales,f__Selenomonadaceae,g__Selenomonas_C,s__Selenomonas_C bovis
RUG108.fasta,d__Bacteria,p__Bacteroidota,c__Bacteroidia,o__Bacteroidales,,,
hRUG877.fasta,d__Bacteria,p__Firmicutes_A,,,,,
hRUG875.fasta,d__Bacteria,p__Firmicutes_A,,,,,
RUG151.fasta,d__Bacteria,p__Firmicutes_A(reject),,,,,
RUG012.fasta,d__Archaea,p__Methanobacteriota,c__Methanobacteria,o__Methanobacteriales,f__Methanobacteriaceae,g__Methanobrevibacter_B,s__Methanobrevibacter_B sp900314605
RUG040.fasta,d__Bacteria,p__Firmicutes_A(reject),,,,,
RUG030.fasta,d__Bacteria,p__Bacteroidota,c__Bacteroidia,o__Bacteroidales,,,
hRUG870.fasta,d__Bacteria,p__Firmicutes_A,,,,,
RUG134.fasta,d__Bacteria,p__Bacteroidota,c__Bacteroidia,o__Bacteroidales,,,
RUG779.fasta,d__Archaea(reject),p__Thermoplasmatota,,,,,
hRUG909.fasta,d__Bacteria,p__Bacteroidota,c__Bacteroidia,o__Bacteroidales,,,
hRUG874.fasta,d__Bacteria,p__Firmicutes_A(reject),,,,,
RUG210.fasta,d__Bacteria,p__Bacteroidota,c__Bacteroidia,o__Bacteroidales,,,
RUG718.fasta,d__Bacteria,p__Firmicutes_A,,,,,
RUG640.fasta,d__Bacteria,p__Firmicutes_A(reject),,,,,
RUG311.fasta,d__Bacteria,p__Firmicutes_A,,,,,
RUG322.fasta,d__Bacteria,p__Firmicutes_A,,,,,
RUG266.fasta,d__Bacteria,p__Patescibacteria(reject),c__Paceibacteria,,,,
RUG607.fasta,d__Bacteria,p__Firmicutes_A,,,,,
RUG696.fasta,d__Bacteria,p__Firmicutes(reject),c__Bacilli,,,,
RUG172.fasta,d__Bacteria,p__Bacteroidota,c__Bacteroidia,o__Bacteroidales,,,
RUG085.fasta,d__Bacteria,p__Bacteroidota,c__Bacteroidia,o__Bacteroidales,,,
RUG406.fasta,d__Bacteria,p__Bacteroidota,c__Bacteroidia,o__Bacteroidales,,,
RUG398.fasta,d__Bacteria,p__Firmicutes_A,,,,,
RUG845.fasta,d__Bacteria,p__Firmicutes_A,,,,,
RUG697.fasta,d__Bacteria,p__Bacteroidota,c__Bacteroidia,o__Bacteroidales,,,
RUG291.fasta,d__Bacteria,p__Firmicutes_A,,,,,
RUG576.fasta,d__Bacteria,p__Firmicutes_A,,,,,
RUG324.fasta,d__Bacteria,p__Bacteroidota,c__Bacteroidia,o__Bacteroidales,,,
RUG787.fasta,d__Archaea,p__Methanobacteriota,c__Methanobacteria,o__Methanobacteriales,f__Methanobacteriaceae,g__Methanobrevibacter_A,s__Methanobrevibacter_A sp900320515
RUG374.fasta,d__Bacteria,p__Firmicutes,c__Bacilli,,,,
RUG815.fasta,d__Bacteria,p__Bacteroidota,c__Bacteroidia,o__Bacteroidales,,,
RUG846.fasta,d__Bacteria,p__Firmicutes_A,,,,,
RUG034.fasta,d__Bacteria,p__Patescibacteria(reject),c__Paceibacteria,,,,
RUG752.fasta,d__Bacteria,p__Firmicutes_C,c__Negativicutes,o__Acidaminococcales(reject),f__Acidaminococcaceae,g__RZYP01(reject),
RUG309.fasta,d__Bacteria,p__Bacteroidota,c__Bacteroidia,o__Bacteroidales,,,
hRUG862.fasta,d__Bacteria,p__Proteobacteria(reject),c__Gammaproteobacteria,o__Enterobacterales,,,
RUG816.fasta,d__Bacteria,p__Firmicutes_A,,,,,
RUG076.fasta,d__Archaea,p__Methanobacteriota,c__Methanobacteria,o__Methanobacteriales,f__Methanobacteriaceae,g__Methanobrevibacter_B,s__Methanobrevibacter_B boviskoreani
RUG142.fasta,d__Bacteria,p__Bacteroidota,c__Bacteroidia,o__Bacteroidales,,,
hRUG892.fasta,d__Bacteria,p__Firmicutes_A,,,,,
RUG464.fasta,d__Bacteria,p__Firmicutes_A,,,,,
RUG153.fasta,d__Bacteria,p__Bacteroidota,c__Bacteroidia,o__Bacteroidales,,,
RUG488.fasta,d__Bacteria,p__Bacteroidota,c__Bacteroidia,o__Bacteroidales,,,
RUG700.fasta,d__Bacteria,p__Firmicutes_A,,,,,
RUG272.fasta,d__Bacteria,p__Firmicutes_A,,,,,
RUG021.fasta,d__Bacteria,p__Firmicutes,c__Bacilli,,,,
RUG424.fasta,d__Bacteria,p__Bacteroidota,c__Bacteroidia,o__Bacteroidales,,,
RUG158.fasta,d__Bacteria,p__Firmicutes_A,,,,,
RUG788.fasta,d__Bacteria,p__Bacteroidota,c__Bacteroidia,o__Bacteroidales,,,
RUG566.fasta,d__Bacteria,p__Firmicutes_A,,,,,
RUG763.fasta,d__Bacteria,p__Firmicutes_A,,,,,
RUG659.fasta,d__Bacteria,p__Bacteroidota,c__Bacteroidia,o__Bacteroidales,,,
RUG047.fasta,d__Bacteria,p__Bacteroidota,c__Bacteroidia,o__Bacteroidales,,,
RUG046.fasta,d__Bacteria,p__Bacteroidota,c__Bacteroidia,o__Bacteroidales,,,
RUG166.fasta,d__Bacteria,p__Firmicutes_A,,,,,
RUG820.fasta,d__Bacteria,p__Firmicutes,c__Bacilli,,,,
RUG426.fasta,d__Bacteria,p__Firmicutes_A,,,,,
RUG785.fasta,d__Bacteria,p__Bacteroidota,c__Bacteroidia,o__Bacteroidales,,,
RUG770.fasta,d__Bacteria,p__Cyanobacteria,c__Vampirovibrionia,o__Gastranaerophilales,f__Gastranaerophilaceae,g__UBA2883,s__UBA2883 sp900313115
RUG652.fasta,d__Bacteria,p__Firmicutes_A(reject),,,,,
RUG451.fasta,d__Bacteria,p__Bacteroidota,c__Bacteroidia,o__Bacteroidales,,,
RUG593.fasta,d__Archaea,p__Methanobacteriota,c__Methanobacteria,o__Methanobacteriales,f__Methanobacteriaceae,g__Methanobrevibacter_A,s__Methanobrevibacter_A sp900320515
RUG245.fasta,d__Bacteria,p__Bacteroidota,c__Bacteroidia,o__Bacteroidales,,,
RUG320.fasta,d__Bacteria,p__Firmicutes_A,,,,,
RUG473.fasta,d__Bacteria,p__Bacteroidota,c__Bacteroidia,o__Bacteroidales,,,
RUG600.fasta,d__Bacteria,p__Bacteroidota,c__Bacteroidia,o__Bacteroidales,,,
RUG207.fasta,d__Bacteria,p__Bacteroidota,c__Bacteroidia,o__Bacteroidales,,,
RUG758.fasta,d__Bacteria,p__Firmicutes_A,,,,,
RUG412.fasta,d__Bacteria,p__Bacteroidota,c__Bacteroidia,o__Bacteroidales,,,
RUG828.fasta,d__Bacteria,p__Bacteroidota,c__Bacteroidia,o__Bacteroidales,,,
RUG523.fasta,d__Bacteria,p__Bacteroidota,c__Bacteroidia,o__Bacteroidales,,,
RUG529.fasta,d__Bacteria,p__Firmicutes_A,,,,,
RUG559.fasta,d__Bacteria,p__Bacteroidota,c__Bacteroidia,o__Bacteroidales,,,
RUG701.fasta,d__Bacteria,p__Firmicutes_A(reject),,,,,
RUG539.fasta,d__Bacteria,p__Bacteroidota,c__Bacteroidia,o__Bacteroidales,,,
RUG463.fasta,d__Bacteria,p__Firmicutes_A,,,,,
hRUG913.fasta,d__Bacteria,p__Bacteroidota,c__Bacteroidia,o__Bacteroidales,,,
RUG143.fasta,d__Bacteria,p__Bacteroidota,c__Bacteroidia,o__Bacteroidales,,,
hRUG895.fasta,d__Bacteria,p__Firmicutes_A,,,,,
RUG612.fasta,d__Bacteria,p__Firmicutes_A,,,,,
RUG738.fasta,d__Bacteria,p__Firmicutes_A,,,,,
RUG323.fasta,d__Bacteria,p__Bacteroidota,c__Bacteroidia,o__Bacteroidales,,,
RUG118.fasta,d__Bacteria,p__Firmicutes_A(reject),,,,,
RUG646.fasta,d__Bacteria,p__Firmicutes_A,,,,,
RUG055.fasta,d__Bacteria,p__Firmicutes_A,,,,,
RUG113.fasta,d__Bacteria,p__Firmicutes_C(reject),c__Negativicutes,o__Acidaminococcales,f__Acidaminococcaceae,g__Succiniclasticum,s__Succiniclasticum sp900315805
RUG702.fasta,d__Bacteria,p__Firmicutes_A,,,,,
RUG290.fasta,d__Bacteria,p__Firmicutes_A,,,,,
RUG244.fasta,d__Bacteria,p__Bacteroidota(reject),c__Bacteroidia,o__Bacteroidales,,,
RUG094.fasta,d__Bacteria,p__Firmicutes_A,,,,,
RUG495.fasta,d__Bacteria,p__Firmicutes_A,,,,,
RUG193.fasta,d__Bacteria,p__Bacteroidota,c__Bacteroidia,o__Bacteroidales,,,
RUG264.fasta,d__Bacteria,p__Bacteroidota,c__Bacteroidia,o__Bacteroidales,,,
RUG346.fasta,d__Bacteria,p__Firmicutes,c__Bacilli,,,,
RUG470.fasta,d__Bacteria,p__Bacteroidota,c__Bacteroidia,o__Bacteroidales,,,
RUG420.fasta,d__Bacteria,p__Firmicutes(reject),c__Bacilli,,,,
RUG214.fasta,d__Bacteria,p__Firmicutes(reject),c__Bacilli,,,,
RUG403.fasta,d__Bacteria,p__Bacteroidota,c__Bacteroidia,o__Bacteroidales,,,
RUG827.fasta,d__Bacteria,p__Bacteroidota,c__Bacteroidia,o__Bacteroidales,,,
RUG806.fasta,d__Bacteria,p__Firmicutes_A,,,,,
hRUG885.fasta,d__Bacteria,p__Firmicutes_A,,,,,
RUG661.fasta,d__Bacteria,p__Firmicutes_A(reject),,,,,
RUG439.fasta,d__Bacteria,p__Firmicutes_A,,,,,
RUG578.fasta,d__Bacteria,p__Firmicutes_A,,,,,
RUG419.fasta,d__Bacteria,p__Bacteroidota,c__Bacteroidia,o__Bacteroidales,,,
RUG044.fasta,d__Bacteria,p__Firmicutes_A,,,,,
RUG220.fasta,d__Bacteria,p__Firmicutes_A,,,,,
RUG302.fasta,d__Bacteria(reject),p__Bacteroidota,c__Bacteroidia,o__Bacteroidales,,,
RUG776.fasta,d__Bacteria,p__Firmicutes_A,,,,,
RUG206.fasta,d__Bacteria,p__Firmicutes,c__Bacilli,,,,
RUG005.fasta,d__Bacteria,p__Firmicutes_A(reject),,,,,
RUG460.fasta,d__Bacteria,p__Firmicutes_A,,,,,
RUG737.fasta,d__Bacteria,p__Bacteroidota,c__Bacteroidia,o__Bacteroidales,,,
RUG011.fasta,d__Archaea,p__Methanobacteriota,c__Methanobacteria,o__Methanobacteriales,f__Methanobacteriaceae,g__Methanobrevibacter_B,s__Methanobrevibacter_B sp900314605
RUG792.fasta,d__Bacteria,p__Firmicutes_A,,,,,
RUG493.fasta,d__Bacteria,p__Cyanobacteria,c__Vampirovibrionia,o__Gastranaerophilales,f__Gastranaerophilaceae,g__UBA2813,s__UBA2813 sp900319365
RUG023.fasta,d__Bacteria,p__Bacteroidota(reject),c__Bacteroidia,o__Bacteroidales,,,
RUG581.fasta,d__Bacteria,p__Firmicutes_A,,,,,
RUG503.fasta,d__Bacteria,p__Firmicutes(reject),c__Bacilli,,,,
RUG611.fasta,d__Bacteria,p__Firmicutes_A,,,,,
RUG372.fasta,d__Bacteria,p__Bacteroidota,c__Bacteroidia,o__Bacteroidales,,,
hRUG887.fasta,d__Bacteria,p__Firmicutes_C,c__Negativicutes,o__Acidaminococcales,f__Acidaminococcaceae,g__Acidaminococcus,s__Acidaminococcus sp900314165
RUG704.fasta,d__Bacteria,p__Firmicutes_A,,,,,
RUG757.fasta,d__Bacteria,p__Firmicutes_A,,,,,
RUG223.fasta,d__Bacteria,p__Firmicutes_A,,,,,
RUG079.fasta,d__Bacteria,p__Bacteroidota,c__Bacteroidia,o__Bacteroidales,,,
hRUG855.fasta,d__Bacteria,p__Firmicutes_A,,,,,
RUG772.fasta,d__Bacteria,p__Proteobacteria(reject),c__Alphaproteobacteria,,,,
RUG246.fasta,d__Bacteria,p__Firmicutes,c__Bacilli,,,,
RUG326.fasta,d__Bacteria,p__Bacteroidota,c__Bacteroidia,o__Bacteroidales,,,
RUG384.fasta,d__Bacteria,p__Firmicutes_C,c__Negativicutes,o__Acidaminococcales,f__Acidaminococcaceae,g__Succiniclasticum,s__Succiniclasticum sp900315925
RUG478.fasta,d__Bacteria,p__Bacteroidota,c__Bacteroidia,o__Bacteroidales,,,
RUG532.fasta,d__Bacteria,p__Bacteroidota,c__Bacteroidia,o__Bacteroidales,,,
RUG344.fasta,d__Archaea,p__Methanobacteriota,c__Methanobacteria,o__Methanobacteriales,f__Methanobacteriaceae,g__Methanobrevibacter_A,s__Methanobrevibacter_A sp900318035
RUG777.fasta,d__Bacteria,p__Firmicutes_A,,,,,
RUG367.fasta,d__Bacteria,p__Bacteroidota,c__Bacteroidia,o__Bacteroidales,,,
RUG547.fasta,d__Bacteria,p__Firmicutes_A,,,,,
RUG604.fasta,d__Bacteria,p__Firmicutes_A,,,,,
RUG087.fasta,d__Bacteria,p__Firmicutes(reject),c__Bacilli,,,,
RUG573.fasta,d__Bacteria,p__Firmicutes_A,,,,,
RUG703.fasta,d__Bacteria(reject),p__Firmicutes_A,,,,,
RUG492.fasta,d__Archaea,p__Methanobacteriota,c__Methanobacteria,o__Methanobacteriales,f__Methanobacteriaceae,g__Methanobrevibacter_A,s__Methanobrevibacter_A sp900319535
RUG462.fasta,d__Bacteria,p__Bacteroidota,c__Bacteroidia,o__Bacteroidales,,,
RUG281.fasta,d__Bacteria,p__Bacteroidota,c__Bacteroidia,o__Bacteroidales,,,
RUG213.fasta,d__Bacteria,p__Firmicutes_A,,,,,
RUG066.fasta,d__Bacteria,p__Firmicutes_A,,,,,
RUG016.fasta,d__Bacteria,p__Firmicutes,c__Bacilli,,,,
RUG797.fasta,d__Bacteria,p__Firmicutes_A,,,,,
RUG516.fasta,d__Bacteria,p__Firmicutes_A,,,,,
RUG766.fasta,d__Bacteria,p__Bacteroidota,c__Bacteroidia,o__Bacteroidales,,,
RUG508.fasta,d__Bacteria,p__Firmicutes_A,,,,,
RUG045.fasta,d__Bacteria,p__Desulfobacterota,c__Desulfobaccia,o__Desulfobaccales,f__0-14-0-80-60-11(reject),,
RUG556.fasta,d__Bacteria,p__Firmicutes_C,c__Negativicutes,o__Acidaminococcales,f__Acidaminococcaceae,g__Succiniclasticum,s__Succiniclasticum sp900315925
RUG201.fasta,d__Archaea,p__Methanobacteriota,c__Methanobacteria,o__Methanobacteriales(reject),,,
RUG096.fasta,d__Bacteria,p__Firmicutes_A,,,,,
RUG496.fasta,d__Bacteria,p__Bacteroidota,c__Bacteroidia,o__Bacteroidales,,,
RUG584.fasta,d__Bacteria,p__Firmicutes_A,,,,,
RUG635.fasta,d__Bacteria,p__Firmicutes_A,,,,,
RUG657.fasta,d__Bacteria,p__Bacteroidota,c__Bacteroidia,o__Bacteroidales,,,
RUG677.fasta,d__Bacteria,p__Firmicutes_A(reject),,,,,
RUG253.fasta,d__Bacteria,p__Bacteroidota,c__Bacteroidia,o__Bacteroidales,,,
RUG641.fasta,d__Bacteria,p__Firmicutes_A,,,,,
RUG277.fasta,d__Bacteria,p__Firmicutes_A,,,,,
RUG629.fasta,d__Bacteria,p__Bacteroidota,c__Bacteroidia,o__Bacteroidales,,,
RUG148.fasta,d__Bacteria,p__Firmicutes_A,,,,,
RUG727.fasta,d__Bacteria,p__Firmicutes,c__Bacilli,,,,
RUG295.fasta,d__Bacteria,p__Bacteroidota,c__Bacteroidia,o__Bacteroidales,,,
RUG537.fasta,d__Bacteria,p__Campylobacterota,c__Campylobacteria,o__Campylobacterales,,,
hRUG889.fasta,d__Bacteria,p__Firmicutes,c__Bacilli,,,,
RUG810.fasta,d__Bacteria,p__Firmicutes,c__Bacilli,,,,
RUG008.fasta,d__Bacteria,p__Firmicutes_A,,,,,
RUG018.fasta,d__Archaea,p__Methanobacteriota,c__Methanobacteria,o__Methanobacteriales,f__Methanobacteriaceae,g__Methanobrevibacter_A,s__Methanobrevibacter_A sp900314615
RUG239.fasta,d__Bacteria,p__Spirochaetota,c__Spirochaetia,,,,
RUG267.fasta,d__Bacteria,p__Firmicutes_A,,,,,
RUG597.fasta,d__Bacteria,p__Firmicutes(reject),c__Bacilli,,,,
RUG527.fasta,d__Bacteria,p__Firmicutes_A,,,,,
RUG663.fasta,d__Bacteria,p__Verrucomicrobiota,c__Lentisphaeria,o__Victivallales,f__UBA1829,g__UBA1732,s__UBA1732 sp900320095
RUG686.fasta,d__Bacteria,p__Firmicutes_A,,,,,
RUG835.fasta,d__Bacteria,p__Firmicutes_A,,,,,
RUG457.fasta,d__Bacteria,p__Bacteroidota,c__Bacteroidia,o__Bacteroidales,,,
hRUG868.fasta,d__Bacteria,p__Firmicutes_A,,,,,
RUG378.fasta,d__Bacteria,p__Bacteroidota,c__Bacteroidia,o__Bacteroidales,,,
RUG535.fasta,d__Bacteria,p__Bacteroidota,c__Bacteroidia,o__Bacteroidales,,,
RUG175.fasta,d__Bacteria,p__Firmicutes_A,,,,,
RUG111.fasta,d__Bacteria,p__Firmicutes_A,,,,,
RUG060.fasta,d__Bacteria,p__Firmicutes_A,,,,,
RUG695.fasta,d__Bacteria,p__Planctomycetota(reject),,,,,
RUG088.fasta,d__Bacteria,p__Firmicutes_A,,,,,
hRUG881.fasta,d__Bacteria(reject),p__Firmicutes_A,,,,,
RUG837.fasta,d__Bacteria,p__Bacteroidota,c__Bacteroidia,o__Bacteroidales,,,
RUG587.fasta,d__Bacteria,p__Bacteroidota,c__Bacteroidia,o__Bacteroidales,,,
RUG522.fasta,d__Bacteria,p__Firmicutes_A,,,,,
RUG028.fasta,d__Bacteria,p__Firmicutes_A,,,,,
RUG059.fasta,d__Bacteria,p__Bacteroidota,c__Bacteroidia,o__Bacteroidales,,,
RUG237.fasta,d__Bacteria,p__Firmicutes_C(reject),c__Negativicutes,o__Acidaminococcales,f__Acidaminococcaceae,g__Succiniclasticum,s__Succiniclasticum sp900316935
RUG546.fasta,d__Bacteria,p__Bacteroidota,c__Bacteroidia,o__Bacteroidales,,,
RUG222.fasta,d__Bacteria,p__Firmicutes_A,,,,,
RUG619.fasta,d__Bacteria,p__Bacteroidota,c__Bacteroidia,o__Bacteroidales,,,
RUG160.fasta,d__Bacteria,p__Bacteroidota,c__Bacteroidia,o__Bacteroidales,,,
RUG568.fasta,d__Bacteria,p__Bacteroidota,c__Bacteroidia,o__Bacteroidales,,,
RUG037.fasta,d__Bacteria,p__Bacteroidota,c__Bacteroidia,o__Bacteroidales,,,
RUG051.fasta,d__Bacteria,p__Firmicutes,c__Bacilli,,,,
RUG225.fasta,d__Bacteria,p__Bacteroidota,c__Bacteroidia,o__Bacteroidales,,,
RUG698.fasta,d__Bacteria,p__Firmicutes,c__Bacilli,,,,
RUG103.fasta,d__Bacteria,p__Firmicutes_A,,,,,
RUG639.fasta,d__Bacteria,p__Bacteroidota,c__Bacteroidia,o__Bacteroidales,,,
RUG278.fasta,d__Bacteria,p__Bacteroidota,c__Bacteroidia,o__Bacteroidales,,,
RUG356.fasta,d__Bacteria,p__Firmicutes_A,,,,,
RUG002.fasta,d__Bacteria,p__Actinobacteriota,c__Coriobacteriia,,,,
RUG286.fasta,d__Bacteria,p__Firmicutes,c__Bacilli,,,,
RUG775.fasta,d__Bacteria,p__Firmicutes_A,,,,,
RUG710.fasta,d__Bacteria,p__Firmicutes_A,,,,,
hRUG906.fasta,d__Bacteria,p__Bacteroidota,c__Bacteroidia,o__Bacteroidales,,,
RUG287.fasta,d__Bacteria,p__Firmicutes,c__Bacilli,,,,
hRUG905.fasta,d__Bacteria,p__Bacteroidota,c__Bacteroidia,o__Bacteroidales,,,
RUG808.fasta,d__Bacteria,p__Firmicutes_A(reject),,,,,
RUG844.fasta,d__Archaea,p__Thermoplasmatota(reject),,,,,
RUG540.fasta,d__Bacteria,p__Elusimicrobiota,c__Elusimicrobia,o__Elusimicrobiales,f__Elusimicrobiaceae,g__UBA1436,s__UBA1436 sp900319885
RUG190.fasta,d__Bacteria,p__Proteobacteria(reject),c__Gammaproteobacteria,o__Enterobacterales,,,
RUG042.fasta,d__Bacteria,p__Firmicutes,c__Bacilli,,,,
RUG747.fasta,d__Bacteria,p__Firmicutes(reject),c__Bacilli,,,,
RUG498.fasta,d__Bacteria,p__Firmicutes_A,,,,,
hRUG891.fasta,d__Bacteria,p__Actinobacteriota,c__Coriobacteriia,,,,
RUG243.fasta,d__Bacteria,p__Bacteroidota,c__Bacteroidia,o__Bacteroidales,,,
RUG440.fasta,d__Bacteria,p__Actinobacteriota,c__Coriobacteriia,,,,
RUG053.fasta,d__Bacteria,p__Firmicutes,c__Bacilli,,,,
RUG139.fasta,d__Bacteria,p__Bacteroidota,c__Bacteroidia,o__Bacteroidales,,,
RUG381.fasta,d__Bacteria,p__Firmicutes_A,,,,,
RUG431.fasta,d__Bacteria,p__Bacteroidota,c__Bacteroidia,o__Bacteroidales,,,
RUG744.fasta,d__Bacteria,p__Bacteroidota,c__Bacteroidia,o__Bacteroidales,,,
RUG345.fasta,d__Bacteria,p__Bacteroidota,c__Bacteroidia,o__Bacteroidales,,,
RUG395.fasta,d__Bacteria,p__Bacteroidota,c__Bacteroidia,o__Bacteroidales,,,
hRUG858.fasta,d__Bacteria,p__Bacteroidota,c__Bacteroidia,o__Bacteroidales,,,
RUG706.fasta,d__Bacteria,p__Firmicutes_A,,,,,
RUG691.fasta,d__Bacteria,p__Bacteroidota,c__Bacteroidia,o__Bacteroidales,,,
RUG622.fasta,d__Bacteria,p__Bacteroidota,c__Bacteroidia,o__Bacteroidales,,,
RUG255.fasta,d__Bacteria,p__Bacteroidota(reject),c__Bacteroidia,o__Bacteroidales,,,
RUG764.fasta,d__Bacteria,p__Firmicutes_A,,,,,
RUG707.fasta,d__Bacteria,p__Bacteroidota,c__Bacteroidia,o__Bacteroidales,,,
RUG615.fasta,d__Bacteria,p__Bacteroidota,c__Bacteroidia,o__Bacteroidales,,,
RUG452.fasta,d__Bacteria,p__Firmicutes_A,,,,,
RUG377.fasta,d__Bacteria,p__Bacteroidota,c__Bacteroidia,o__Bacteroidales,,,
RUG075.fasta,d__Bacteria,p__Firmicutes_A(reject),,,,,
RUG057.fasta,d__Bacteria,p__Firmicutes_A,,,,,
RUG811.fasta,d__Bacteria,p__Firmicutes_A,,,,,
RUG329.fasta,d__Bacteria,p__Bacteroidota,c__Bacteroidia,o__Bacteroidales,,,
RUG849.fasta,d__Bacteria,p__Bacteroidota,c__Bacteroidia,o__Bacteroidales,,,
RUG410.fasta,d__Bacteria,p__Proteobacteria(reject),c__Alphaproteobacteria,,,,
RUG756.fasta,d__Bacteria,p__Firmicutes_A,,,,,
RUG215.fasta,d__Bacteria,p__Firmicutes_A,,,,,
RUG082.fasta,d__Bacteria,p__Actinobacteriota,c__Actinomycetia,o__Actinomycetales,,,
RUG211.fasta,d__Bacteria,p__Firmicutes_A,,,,,
RUG534.fasta,d__Bacteria,p__Firmicutes_A,,,,,
RUG393.fasta,d__Bacteria(reject),p__Firmicutes_A,,,,,
RUG376.fasta,d__Bacteria,p__Bacteroidota,c__Bacteroidia,o__Bacteroidales,,,
hRUG866.fasta,d__Bacteria,p__Firmicutes_A(reject),,,,,
RUG541.fasta,d__Bacteria,p__Bacteroidota,c__Bacteroidia,o__Bacteroidales,,,
RUG436.fasta,d__Bacteria,p__Firmicutes_A,,,,,
RUG091.fasta,d__Bacteria,p__Firmicutes_A,,,,,
RUG812.fasta,d__Bacteria,p__Bacteroidota,c__Bacteroidia,o__Bacteroidales,,,
RUG671.fasta,d__Bacteria,p__Firmicutes_A,,,,,
RUG736.fasta,d__Bacteria,p__Bacteroidota,c__Bacteroidia,o__Bacteroidales,,,
RUG032.fasta,d__Bacteria,p__Actinobacteriota,c__Coriobacteriia,,,,
RUG823.fasta,d__Archaea(reject),p__Methanobacteriota,c__Methanobacteria,o__Methanobacteriales,f__Methanobacteriaceae,g__Methanobrevibacter_A,s__Methanobrevibacter_A sp900313645
RUG684.fasta,d__Bacteria,p__Firmicutes_A,,,,,
RUG606.fasta,d__Bacteria,p__Bacteroidota,c__Bacteroidia,o__Bacteroidales,,,
RUG132.fasta,d__Bacteria,p__Firmicutes_A,,,,,
RUG693.fasta,d__Bacteria,p__Bacteroidota,c__Bacteroidia,o__Bacteroidales,,,
RUG841.fasta,d__Bacteria,p__SAR324,c__SAR324,o__SAR324,f__NAC60-12,g__Arctic96AD-7,s__Arctic96AD-7 sp902513935
RUG279.fasta,d__Bacteria,p__Bacteroidota,c__Bacteroidia,o__Bacteroidales,,,
RUG839.fasta,d__Bacteria,p__Bacteroidota,c__Bacteroidia,o__Bacteroidales,,,
RUG450.fasta,d__Bacteria,p__Bacteroidota,c__Bacteroidia,o__Bacteroidales,,,
RUG667.fasta,d__Bacteria,p__Bacteroidota,c__Bacteroidia,o__Bacteroidales,,,
RUG483.fasta,d__Bacteria,p__Bacteroidota,c__Bacteroidia,o__Bacteroidales,,,
RUG633.fasta,d__Bacteria,p__Firmicutes_A(reject),,,,,
RUG107.fasta,d__Bacteria,p__Bacteroidota,c__Bacteroidia,o__Bacteroidales,,,
RUG200.fasta,d__Bacteria,p__Bacteroidota,c__Bacteroidia,o__Bacteroidales,,,
RUG594.fasta,d__Bacteria,p__Firmicutes,c__Bacilli,,,,
RUG009.fasta,d__Bacteria,p__Firmicutes_A,,,,,
RUG194.fasta,d__Bacteria,p__Firmicutes_A,,,,,
RUG666.fasta,d__Bacteria,p__Firmicutes_A(reject),,,,,
RUG105.fasta,d__Bacteria,p__Firmicutes_A,,,,,
RUG557.fasta,d__Bacteria,p__Firmicutes_A,,,,,
RUG692.fasta,d__Bacteria,p__Firmicutes_A,,,,,
RUG112.fasta,d__Bacteria,p__Bacteroidota,c__Bacteroidia,o__Bacteroidales,,,
RUG490.fasta,d__Bacteria,p__Bacteroidota,c__Bacteroidia,o__Bacteroidales,,,
RUG407.fasta,d__Bacteria,p__Bacteroidota,c__Bacteroidia,o__Bacteroidales,,,
RUG402.fasta,d__Bacteria,p__Firmicutes_A,,,,,
RUG218.fasta,d__Bacteria,p__Firmicutes_A,,,,,
hRUG865.fasta,d__Bacteria,p__Bacteroidota(reject),c__Bacteroidia,o__Bacteroidales,,,
RUG182.fasta,d__Bacteria,p__Bacteroidota,c__Bacteroidia,o__Bacteroidales,,,
RUG570.fasta,d__Bacteria,p__Spirochaetota,c__Spirochaetia,,,,
RUG809.fasta,d__Bacteria,p__Firmicutes_A,,,,,
RUG549.fasta,d__Bacteria,p__Bacteroidota,c__Bacteroidia,o__Bacteroidales,,,
RUG197.fasta,d__Bacteria,p__Bacteroidota,c__Bacteroidia,o__Bacteroidales,,,
RUG305.fasta,d__Bacteria,p__Firmicutes_A,,,,,
RUG248.fasta,d__Bacteria,p__Firmicutes_A,,,,,
RUG453.fasta,d__Bacteria,p__Firmicutes_A,,,,,
RUG783.fasta,d__Bacteria,p__Firmicutes_A,,,,,
RUG297.fasta,d__Bacteria,p__Firmicutes_A,,,,,
RUG689.fasta,d__Bacteria,p__Bacteroidota,c__Bacteroidia,o__Bacteroidales,,,
RUG721.fasta,d__Bacteria,p__Actinobacteriota,c__Coriobacteriia,,,,
RUG418.fasta,d__Bacteria,p__Bacteroidota,c__Bacteroidia,o__Bacteroidales,,,
RUG252.fasta,d__Bacteria,p__Firmicutes_A,,,,,
RUG627.fasta,d__Bacteria,p__Firmicutes_A,,,,,
hRUG912.fasta,d__Bacteria,p__Firmicutes,c__Bacilli,,,,
RUG048.fasta,d__Bacteria,p__Firmicutes_C,c__Negativicutes,o__Acidaminococcales,f__Acidaminococcaceae,g__Succiniclasticum,s__Succiniclasticum sp900314855
RUG192.fasta,d__Bacteria,p__Bacteroidota,c__Bacteroidia,o__Bacteroidales,,,
RUG567.fasta,d__Bacteria,p__Bacteroidota(reject),c__Bacteroidia,o__Bacteroidales,,,
RUG339.fasta,d__Bacteria,p__Bacteroidota,c__Bacteroidia,o__Bacteroidales,,,
RUG304.fasta,d__Bacteria,p__Firmicutes_A,,,,,
RUG680.fasta,d__Bacteria,p__Firmicutes_A,,,,,
RUG798.fasta,d__Bacteria,p__Firmicutes_A,,,,,
RUG486.fasta,d__Bacteria,p__KSB1(reject),,,,,
RUG186.fasta,d__Archaea,p__Methanobacteriota,c__Methanobacteria,o__Methanobacteriales,f__Methanobacteriaceae,g__Methanobrevibacter_A,s__Methanobrevibacter_A sp900317865
RUG459.fasta,d__Bacteria,p__Bacteroidota,c__Bacteroidia,o__Bacteroidales,,,
RUG013.fasta,d__Bacteria,p__Actinobacteriota,c__Coriobacteriia,,,,
RUG334.fasta,d__Bacteria,p__Riflebacteria,c__Ozemobacteria,o__Ozemobacterales,f__Ozemobacteraceae,g__RUG334,s__RUG334 sp900317935
RUG061.fasta,d__Bacteria,p__Bacteroidota,c__Bacteroidia,o__Bacteroidales,,,
RUG729.fasta,d__Bacteria,p__Actinobacteriota(reject),c__Coriobacteriia,,,,
RUG726.fasta,d__Bacteria,p__Firmicutes_A,,,,,
RUG740.fasta,d__Bacteria,p__Firmicutes_A,,,,,
hRUG867.fasta,d__Bacteria,p__Firmicutes_A,,,,,
RUG351.fasta,d__Bacteria,p__Firmicutes_A(reject),,,,,
RUG610.fasta,d__Bacteria,p__Firmicutes,c__Bacilli,,,,
RUG189.fasta,d__Bacteria,p__Firmicutes_A,,,,,
RUG518.fasta,d__Bacteria,p__Firmicutes_A,,,,,
RUG479.fasta,d__Bacteria,p__Bacteroidota(reject),c__Bacteroidia,o__Bacteroidales,,,
RUG119.fasta,d__Bacteria,p__Firmicutes_A(reject),,,,,
RUG084.fasta,d__Bacteria,p__Firmicutes_A,,,,,
RUG343.fasta,d__Bacteria,p__Firmicutes,c__Bacilli,,,,
RUG471.fasta,d__Bacteria,p__Firmicutes_A,,,,,
RUG283.fasta,d__Bacteria,p__Firmicutes_A,,,,,
RUG129.fasta,d__Bacteria,p__Elusimicrobiota,c__Elusimicrobia,o__Elusimicrobiales,f__Elusimicrobiaceae,g__UBA1436,s__UBA1436 sp900315795
RUG369.fasta,d__Bacteria,p__Firmicutes_A(reject),,,,,
RUG039.fasta,d__Bacteria,p__Firmicutes_A(reject),,,,,
RUG041.fasta,d__Bacteria,p__Firmicutes_A,,,,,
RUG751.fasta,d__Bacteria,p__Bacteroidota,c__Bacteroidia,o__Bacteroidales,,,
RUG504.fasta,d__Bacteria,p__Bacteroidota,c__Bacteroidia,o__Bacteroidales,,,
RUG282.fasta,d__Bacteria,p__Firmicutes_A,,,,,
RUG364.fasta,d__Bacteria,p__Firmicutes_A,,,,,
RUG455.fasta,d__Bacteria,p__Bacteroidota,c__Bacteroidia,o__Bacteroidales,,,
RUG049.fasta,d__Bacteria,p__Firmicutes,c__Bacilli,,,,
RUG090.fasta,d__Bacteria,p__Firmicutes_A,,,,,
RUG285.fasta,d__Bacteria,p__Firmicutes_A,,,,,
RUG303.fasta,d__Bacteria,p__Firmicutes_A,,,,,
RUG651.fasta,d__Bacteria,p__Firmicutes_A,,,,,
RUG227.fasta,d__Bacteria,p__Firmicutes_A,,,,,
RUG180.fasta,d__Bacteria,p__Firmicutes_A,,,,,
RUG421.fasta,d__Bacteria,p__Bacteroidota,c__Bacteroidia,o__Bacteroidales,,,
RUG365.fasta,d__Bacteria,p__Firmicutes_A,,,,,
RUG154.fasta,d__Bacteria,p__Firmicutes_A,,,,,
RUG565.fasta,d__Bacteria,p__Firmicutes_A,,,,,
RUG564.fasta,d__Bacteria,p__Bacteroidota,c__Bacteroidia,o__Bacteroidales,,,
RUG038.fasta,d__Bacteria,p__Firmicutes_A(reject),,,,,
RUG596.fasta,d__Bacteria,p__Firmicutes_A,,,,,
RUG583.fasta,d__Bacteria,p__Bacteroidota,c__Bacteroidia,o__Bacteroidales,,,
RUG732.fasta,d__Bacteria,p__Spirochaetota,c__Spirochaetia,,,,
RUG169.fasta,d__Bacteria,p__Bacteroidota,c__Bacteroidia,o__Bacteroidales,,,
RUG625.fasta,d__Bacteria,p__Bacteroidota,c__Bacteroidia,o__Bacteroidales,,,
RUG313.fasta,d__Bacteria,p__Firmicutes_A,,,,,
RUG512.fasta,d__Bacteria,p__Firmicutes_A,,,,,
RUG259.fasta,d__Bacteria,p__Bacteroidota,c__Bacteroidia,o__Bacteroidales,,,
hRUG852.fasta,d__Bacteria,p__Firmicutes_A(reject),,,,,
RUG538.fasta,d__Bacteria,p__Bacteroidota,c__Bacteroidia,o__Bacteroidales,,,
RUG447.fasta,d__Bacteria,p__Firmicutes_A,,,,,
hRUG911.fasta,d__Bacteria,p__Verrucomicrobiota(reject),c__Verrucomicrobiae,,,,
RUG467.fasta,d__Bacteria,p__Firmicutes_A,,,,,
RUG078.fasta,d__Bacteria,p__Actinobacteriota,c__Coriobacteriia,,,,
RUG658.fasta,d__Bacteria,p__Cyanobacteria(reject),c__Vampirovibrionia,o__Gastranaerophilales,f__Gastranaerophilaceae,g__UMGS1477(reject),s__UMGS1477 sp900552205(reject)
hRUG860.fasta,d__Bacteria,p__Firmicutes_C,c__Negativicutes,o__Selenomonadales,f__Selenomonadaceae,g__UBA2897,s__UBA2897 sp900315155
RUG294.fasta,d__Bacteria,p__Firmicutes_A,,,,,
RUG630.fasta,d__Bacteria,p__Firmicutes(reject),c__Bacilli,,,,
RUG748.fasta,d__Archaea,p__Methanobacteriota,c__Methanobacteria,o__Methanobacteriales,f__Methanobacteriaceae,g__Methanobrevibacter,s__Methanobrevibacter sp900321995(reject)
hRUG851.fasta,d__Bacteria,p__Firmicutes_A,,,,,
RUG361.fasta,d__Bacteria,p__Firmicutes_A,,,,,
RUG685.fasta,d__Bacteria,p__Bacteroidota,c__Bacteroidia,o__Bacteroidales,,,
RUG515.fasta,d__Bacteria,p__Bacteroidota,c__Bacteroidia,o__Bacteroidales,,,
hRUG890.fasta,d__Bacteria,p__Firmicutes_C,c__Negativicutes,o__Selenomonadales,f__Selenomonadaceae,g__UBA2913(reject),
RUG150.fasta,d__Bacteria(reject),p__Firmicutes(reject),c__Bacilli,,,,
RUG441.fasta,d__Bacteria,p__Firmicutes_A,,,,,
RUG670.fasta,d__Bacteria,p__Firmicutes_A,,,,,
RUG653.fasta,d__Bacteria(reject),p__Proteobacteria,c__Alphaproteobacteria,,,,
RUG795.fasta,d__Bacteria,p__Bacteroidota,c__Bacteroidia,o__Bacteroidales,,,
RUG517.fasta,d__Bacteria,p__Spirochaetota,c__Spirochaetia,,,,
RUG318.fasta,d__Bacteria,p__Bacteroidota,c__Bacteroidia,o__Bacteroidales,,,
RUG168.fasta,d__Bacteria,p__Bacteroidota,c__Bacteroidia,o__Bacteroidales,,,
RUG713.fasta,d__Bacteria,p__Bacteroidota,c__Bacteroidia,o__Bacteroidales,,,
RUG448.fasta,d__Bacteria,p__Firmicutes,c__Bacilli,,,,
RUG349.fasta,d__Bacteria,p__Firmicutes_A,,,,,
RUG167.fasta,d__Bacteria,p__Firmicutes_A,,,,,
RUG590.fasta,d__Bacteria,p__Bacteroidota,c__Bacteroidia,o__Bacteroidales,,,
RUG238.fasta,d__Bacteria,p__Bacteroidota(reject),c__Bacteroidia,o__Bacteroidales,,,
hRUG871.fasta,d__Bacteria,p__Firmicutes_A,,,,,
RUG068.fasta,d__Bacteria,p__Proteobacteria(reject),c__Alphaproteobacteria(reject),,,,
RUG735.fasta,d__Bacteria,p__Firmicutes_A,,,,,
RUG468.fasta,d__Bacteria,p__Firmicutes_A,,,,,
RUG840.fasta,d__Bacteria(reject),p__Firmicutes,c__Bacilli,,,,
RUG786.fasta,d__Bacteria(reject),p__Bacteroidota,c__Bacteroidia,o__Bacteroidales,,,
RUG765.fasta,d__Bacteria,p__Bacteroidota,c__Bacteroidia,o__Bacteroidales,,,
RUG484.fasta,d__Bacteria,p__Firmicutes_A,,,,,
RUG176.fasta,d__Bacteria,p__Bacteroidota,c__Bacteroidia,o__Bacteroidales,,,
RUG116.fasta,d__Bacteria,p__Bacteroidota,c__Bacteroidia,o__Bacteroidales,,,
RUG288.fasta,d__Bacteria,p__Firmicutes_A,,,,,
RUG438.fasta,d__Bacteria,p__Fibrobacterota,c__Fibrobacteria,o__Fibrobacterales,f__Fibrobacteraceae,g__Fibrobacter,s__Fibrobacter sp900215325(reject)
RUG676.fasta,d__Bacteria,p__Bacteroidota,c__Bacteroidia,o__Bacteroidales,,,
RUG397.fasta,d__Bacteria(reject),p__Bacteroidota,c__Bacteroidia,o__Bacteroidales,,,
RUG242.fasta,d__Bacteria(reject),p__Bacteroidota,c__Bacteroidia,o__Bacteroidales,,,
RUG637.fasta,d__Bacteria,p__Firmicutes_A,,,,,
RUG104.fasta,d__Bacteria,p__Firmicutes_A,,,,,
RUG067.fasta,d__Bacteria,p__Firmicutes_A,,,,,
RUG638.fasta,d__Bacteria,p__Firmicutes_A,,,,,
RUG475.fasta,d__Bacteria,p__Firmicutes_A,,,,,
RUG782.fasta,d__Bacteria,p__Bacteroidota,c__Bacteroidia,o__Bacteroidales,,,
RUG445.fasta,d__Bacteria,p__Bacteroidota,c__Bacteroidia,o__Bacteroidales,,,
RUG650.fasta,d__Bacteria,p__Firmicutes_A(reject),,,,,
RUG643.fasta,d__Bacteria,p__Firmicutes_C,c__Negativicutes,o__Selenomonadales,f__Selenomonadaceae,g__RUG643,s__RUG643 sp900321035
RUG333.fasta,d__Bacteria,p__Firmicutes_A,,,,,
RUG354.fasta,d__Bacteria,p__Bacteroidota,c__Bacteroidia,o__Bacteroidales,,,
RUG043.fasta,d__Bacteria,p__Firmicutes_C,c__Negativicutes,o__Selenomonadales,f__Selenomonadaceae,g__Selenomonas_C,s__Selenomonas_C sp900314825
RUG591.fasta,d__Bacteria,p__Firmicutes,c__Bacilli,,,,
RUG335.fasta,d__Bacteria,p__Firmicutes_A,,,,,
RUG086.fasta,d__Bacteria,p__Bacteroidota,c__Bacteroidia,o__Bacteroidales,,,
RUG847.fasta,d__Bacteria,p__Firmicutes_A,,,,,
hRUG896.fasta,d__Bacteria,p__Firmicutes_A,,,,,
RUG408.fasta,d__Bacteria,p__Firmicutes_A(reject),,,,,
RUG531.fasta,d__Bacteria,p__Firmicutes_A,,,,,
RUG015.fasta,d__Bacteria,p__Firmicutes_A,,,,,
RUG380.fasta,d__Bacteria,p__Bacteroidota,c__Bacteroidia,o__Bacteroidales,,,
RUG240.fasta,d__Bacteria,p__Cyanobacteria,c__Vampirovibrionia,o__Gastranaerophilales,f__Gastranaerophilaceae,g__UMGS1477,s__UMGS1477 sp900552205(reject)
RUG624.fasta,d__Bacteria,p__Bacteroidota,c__Bacteroidia,o__Bacteroidales,,,
RUG308.fasta,d__Bacteria,p__Firmicutes_A,,,,,
hRUG907.fasta,d__Bacteria,p__Bacteroidota,c__Bacteroidia,o__Bacteroidales,,,
RUG848.fasta,d__Bacteria,p__Firmicutes_C,c__Negativicutes,o__Acidaminococcales,f__Acidaminococcaceae,g__Succiniclasticum,s__Succiniclasticum sp900315925
RUG555.fasta,d__Bacteria,p__Verrucomicrobiota,c__Lentisphaeria,o__Victivallales,f__UBA1829,g__UBA1732,s__UBA1732 sp900320095
RUG725.fasta,d__Bacteria,p__Actinobacteriota(reject),c__Coriobacteriia,,,,
RUG230.fasta,d__Bacteria,p__Firmicutes_A,,,,,
RUG487.fasta,d__Bacteria,p__Bacteroidota,c__Bacteroidia,o__Bacteroidales,,,
RUG003.fasta,d__Bacteria,p__Bacteroidota,c__Bacteroidia,o__Bacteroidales,,,
RUG799.fasta,d__Bacteria,p__Firmicutes_A,,,,,
RUG052.fasta,d__Bacteria,p__Firmicutes_A(reject),,,,,
RUG204.fasta,d__Bacteria(reject),p__Bacteroidota,c__Bacteroidia,o__Bacteroidales,,,
RUG101.fasta,d__Bacteria,p__Bacteroidota,c__Bacteroidia,o__Bacteroidales,,,
hRUG856.fasta,d__Bacteria,p__Firmicutes_A,,,,,
RUG141.fasta,d__Bacteria(reject),p__Firmicutes_A,,,,,
RUG173.fasta,d__Bacteria,p__Bacteroidota,c__Bacteroidia,o__Bacteroidales,,,
RUG781.fasta,d__Bacteria,p__Firmicutes_A(reject),,,,,
RUG336.fasta,d__Archaea(reject),p__Thermoplasmatota,,,,,
RUG382.fasta,d__Bacteria,p__Bacteroidota,c__Bacteroidia,o__Bacteroidales,,,
RUG642.fasta,d__Bacteria,p__Firmicutes_A(reject),,,,,
RUG352.fasta,d__Bacteria,p__Bacteroidota,c__Bacteroidia,o__Bacteroidales,,,
RUG106.fasta,d__Bacteria,p__Bacteroidota,c__Bacteroidia,o__Bacteroidales,,,
RUG754.fasta,d__Bacteria(reject),p__Firmicutes_A,,,,,
RUG165.fasta,d__Bacteria,p__Bacteroidota,c__Bacteroidia,o__Bacteroidales,,,
hRUG879.fasta,d__Bacteria,p__Bacteroidota,c__Bacteroidia,o__Bacteroidales,,,
RUG136.fasta,d__Bacteria,p__Bacteroidota,c__Bacteroidia,o__Bacteroidales,,,
RUG664.fasta,d__Bacteria,p__Firmicutes,c__Bacilli,,,,
RUG024.fasta,d__Bacteria,p__Spirochaetota(reject),c__Spirochaetia,,,,
RUG802.fasta,d__Bacteria,p__Actinobacteriota(reject),c__Coriobacteriia,,,,
RUG123.fasta,d__Bacteria,p__Firmicutes,c__Bacilli,,,,
RUG742.fasta,d__Bacteria,p__Bacteroidota,c__Bacteroidia,o__Bacteroidales,,,
RUG620.fasta,d__Bacteria(reject),p__Bacteroidota,c__Bacteroidia,o__Bacteroidales,,,
RUG705.fasta,d__Bacteria,p__Firmicutes,c__Bacilli,,,,
RUG391.fasta,d__Bacteria,p__Firmicutes_A,,,,,
RUG801.fasta,d__Bacteria,p__Firmicutes_A(reject),,,,,
RUG586.fasta,d__Bacteria(reject),p__Bacteroidota,c__Bacteroidia,o__Bacteroidales,,,
RUG280.fasta,d__Bacteria,p__Bacteroidota,c__Bacteroidia,o__Bacteroidales,,,
RUG551.fasta,d__Bacteria,p__Patescibacteria,c__Paceibacteria,,,,
RUG461.fasta,d__Bacteria,p__Bacteroidota,c__Bacteroidia,o__Bacteroidales,,,
RUG394.fasta,d__Bacteria,p__Firmicutes_A,,,,,
RUG720.fasta,d__Bacteria,p__Bacteroidota,c__Bacteroidia,o__Bacteroidales,,,
RUG216.fasta,d__Bacteria,p__Bacteroidota,c__Bacteroidia,o__Bacteroidales,,,
RUG001.fasta,d__Bacteria,p__Actinobacteriota,c__Coriobacteriia,,,,
RUG838.fasta,d__Bacteria,p__Bacteroidota,c__Bacteroidia,o__Bacteroidales,,,
RUG554.fasta,d__Bacteria,p__Firmicutes_A,,,,,
RUG275.fasta,d__Bacteria,p__Firmicutes(reject),c__Bacilli,,,,
RUG137.fasta,d__Bacteria,p__Bacteroidota,c__Bacteroidia,o__Bacteroidales,,,
RUG065.fasta,d__Bacteria,p__Bacteroidota(reject),c__Bacteroidia,o__Bacteroidales,,,
RUG342.fasta,d__Bacteria,p__Firmicutes_A,,,,,
RUG054.fasta,d__Bacteria,p__Firmicutes,c__Bacilli,,,,
RUG834.fasta,d__Bacteria,p__Firmicutes_A,,,,,
RUG824.fasta,d__Bacteria,p__Firmicutes_A,,,,,
RUG353.fasta,d__Bacteria,p__Firmicutes_A(reject),,,,,
RUG370.fasta,d__Bacteria,p__Firmicutes_A,,,,,
RUG191.fasta,d__Archaea,p__Nanoarchaeota(reject),,,,,
RUG254.fasta,d__Bacteria,p__Firmicutes_A,,,,,
RUG542.fasta,d__Bacteria,p__Firmicutes_A,,,,,
RUG571.fasta,d__Bacteria,p__Bacteroidota,c__Bacteroidia,o__Bacteroidales,,,
RUG149.fasta,d__Bacteria,p__Firmicutes_A,,,,,
RUG443.fasta,d__Bacteria,p__Bacteroidota,c__Bacteroidia,o__Bacteroidales,,,
RUG636.fasta,d__Bacteria,p__Proteobacteria,c__Gammaproteobacteria,o__Burkholderiales,,,
RUG205.fasta,d__Bacteria,p__Bacteroidota,c__Bacteroidia,o__Bacteroidales,,,
RUG310.fasta,d__Bacteria,p__Bacteroidota,c__Bacteroidia,o__Bacteroidales,,,
RUG536.fasta,d__Bacteria,p__Bacteroidota,c__Bacteroidia,o__Bacteroidales,,,
RUG505.fasta,d__Bacteria,p__Bacteroidota,c__Bacteroidia,o__Bacteroidales,,,
RUG293.fasta,d__Archaea(reject),p__Nanoarchaeota(reject),,,,,
RUG185.fasta,d__Bacteria,p__Firmicutes_A,,,,,
RUG263.fasta,d__Bacteria,p__Firmicutes_A(reject),,,,,
RUG058.fasta,d__Bacteria,p__Bacteroidota,c__Bacteroidia,o__Bacteroidales,,,
RUG614.fasta,d__Bacteria,p__Bacteroidota,c__Bacteroidia,o__Bacteroidales,,,
RUG138.fasta,d__Bacteria,p__Firmicutes_A,,,,,
RUG602.fasta,d__Bacteria,p__Bacteroidota,c__Bacteroidia,o__Bacteroidales,,,
RUG327.fasta,d__Bacteria,p__Firmicutes_A,,,,,
RUG026.fasta,d__Bacteria,p__Firmicutes_A(reject),,,,,
RUG171.fasta,d__Bacteria,p__Firmicutes_A(reject),,,,,
hRUG894.fasta,d__Bacteria,p__Firmicutes_A(reject),,,,,
RUG599.fasta,d__Bacteria,p__Bacteroidota,c__Bacteroidia,o__Bacteroidales,,,
RUG199.fasta,d__Bacteria,p__Firmicutes_A,,,,,
hRUG882.fasta,d__Bacteria,p__Firmicutes_A,,,,,
RUG316.fasta,d__Bacteria,p__Firmicutes_A,,,,,
RUG850.fasta,d__Bacteria,p__Firmicutes_A,,,,,
RUG548.fasta,d__Bacteria,p__Bacteroidota,c__Bacteroidia,o__Bacteroidales,,,
RUG789.fasta,d__Bacteria,p__Firmicutes_A,,,,,
RUG209.fasta,d__Bacteria,p__Bacteroidota,c__Bacteroidia,o__Bacteroidales,,,
RUG301.fasta,d__Bacteria,p__Bacteroidota,c__Bacteroidia,o__Bacteroidales,,,
RUG543.fasta,d__Bacteria,p__Firmicutes_A,,,,,
RUG236.fasta,d__Archaea,p__Methanobacteriota,c__Methanobacteria,o__Methanobacteriales,f__Methanobacteriaceae,g__Methanobrevibacter_A,s__Methanobrevibacter_A sp900316895
RUG261.fasta,d__Bacteria,p__Firmicutes,c__Bacilli,,,,
RUG712.fasta,d__Bacteria,p__Proteobacteria,c__Alphaproteobacteria(reject),,,,
RUG425.fasta,d__Bacteria,p__Firmicutes_A,,,,,
RUG730.fasta,d__Bacteria,p__RUG730,c__RUG730(reject),,,,
RUG694.fasta,d__Bacteria,p__Firmicutes_A,,,,,
RUG520.fasta,d__Bacteria,p__Bacteroidota(reject),c__Ignavibacteria,,,,
RUG791.fasta,d__Archaea,p__Thermoproteota(reject),,,,,
RUG803.fasta,d__Bacteria,p__Proteobacteria(reject),c__Alphaproteobacteria(reject),,,,
hRUG893.fasta,d__Bacteria,p__Bacteroidota,c__Bacteroidia,o__Bacteroidales,,,
RUG745.fasta,d__Bacteria,p__Cyanobacteria,c__Vampirovibrionia,o__Gastranaerophilales,f__Gastranaerophilaceae,g__CAG-484,s__CAG-484 sp900321895
RUG115.fasta,d__Bacteria,p__Firmicutes_A,,,,,
RUG386.fasta,d__Bacteria,p__Bacteroidota,c__Bacteroidia,o__Bacteroidales,,,
RUG017.fasta,d__Bacteria,p__Firmicutes,c__Bacilli,,,,
RUG007.fasta,d__Bacteria,p__Firmicutes_A,,,,,
RUG070.fasta,d__Bacteria,p__Bacteroidota,c__Bacteroidia,o__Bacteroidales,,,
RUG306.fasta,d__Bacteria,p__Firmicutes_A,,,,,
RUG010.fasta,d__Bacteria,p__Firmicutes_A,,,,,
RUG074.fasta,d__Bacteria,p__Firmicutes_A,,,,,
RUG229.fasta,d__Bacteria,p__Fibrobacterota,c__Fibrobacteria,o__Fibrobacterales,f__Fibrobacteraceae,g__Fibrobacter,s__Fibrobacter sp900142495
RUG114.fasta,d__Bacteria,p__Firmicutes_A(reject),,,,,
RUG250.fasta,d__Bacteria,p__Bacteroidota,c__Bacteroidia,o__Bacteroidales,,,
RUG341.fasta,d__Bacteria,p__Firmicutes_A,,,,,
RUG027.fasta,d__Bacteria,p__Firmicutes_A,,,,,
RUG509.fasta,d__Bacteria,p__Firmicutes_A,,,,,
RUG750.fasta,d__Bacteria,p__Bacteroidota(reject),c__Bacteroidia,o__Bacteroidales,,,
RUG654.fasta,d__Bacteria,p__Actinobacteriota(reject),c__Coriobacteriia,,,,
RUG626.fasta,d__Bacteria,p__Firmicutes_A,,,,,
RUG212.fasta,d__Bacteria,p__Bacteroidota,c__Bacteroidia,o__Bacteroidales,,,
RUG682.fasta,d__Bacteria,p__Firmicutes_A,,,,,
RUG298.fasta,d__Bacteria,p__Proteobacteria,c__Alphaproteobacteria(reject),,,,
RUG722.fasta,d__Bacteria,p__Bacteroidota,c__Bacteroidia,o__Bacteroidales,,,
RUG616.fasta,d__Bacteria,p__Firmicutes_A,,,,,
RUG178.fasta,d__Bacteria,p__Bacteroidota,c__Bacteroidia,o__Bacteroidales,,,
RUG715.fasta,d__Bacteria,p__Bacteroidota,c__Bacteroidia,o__Bacteroidales,,,
hRUG903.fasta,d__Bacteria,p__Firmicutes_A(reject),,,,,
RUG814.fasta,d__Bacteria,p__Firmicutes_A,,,,,
RUG188.fasta,d__Bacteria,p__Actinobacteriota,c__Coriobacteriia,,,,
RUG499.fasta,d__Bacteria,p__Firmicutes_C,c__Negativicutes,o__Selenomonadales,f__Selenomonadaceae,g__RUG643,s__RUG643 sp900321035
RUG669.fasta,d__Bacteria,p__Firmicutes_A,,,,,
RUG033.fasta,d__Bacteria,p__Actinobacteriota,c__Coriobacteriia,,,,
RUG405.fasta,d__Bacteria,p__Bacteroidota,c__Bacteroidia,o__Bacteroidales,,,
RUG767.fasta,d__Bacteria,p__Patescibacteria(reject),c__Paceibacteria(reject),,,,
RUG249.fasta,d__Bacteria,p__Bacteroidota,c__Bacteroidia,o__Bacteroidales,,,
RUG126.fasta,d__Bacteria,p__Bacteroidota,c__Bacteroidia,o__Bacteroidales,,,
RUG544.fasta,d__Bacteria,p__Bacteroidota,c__Bacteroidia,o__Bacteroidales,,,
RUG477.fasta,d__Bacteria,p__Firmicutes_A,,,,,
RUG375.fasta,d__Bacteria,p__Firmicutes_A,,,,,
RUG110.fasta,d__Bacteria,p__Firmicutes_A,,,,,
RUG618.fasta,d__Bacteria,p__Firmicutes_C,c__Negativicutes,o__Veillonellales,f__Megasphaeraceae,g__Caecibacter,s__Caecibacter massiliensis
RUG634.fasta,d__Bacteria,p__Bacteroidota,c__Bacteroidia,o__Bacteroidales,,,
RUG525.fasta,d__Bacteria(reject),p__Krumholzibacteriota(reject),,,,,
RUG340.fasta,d__Bacteria,p__Firmicutes_A,,,,,
hRUG884.fasta,d__Bacteria,p__Firmicutes_A,,,,,
RUG133.fasta,d__Bacteria,p__Actinobacteriota,c__Actinomycetia,o__Actinomycetales,,,
RUG221.fasta,d__Bacteria,p__Firmicutes_A,,,,,
RUG660.fasta,d__Bacteria,p__Bacteroidota,c__Bacteroidia,o__Bacteroidales,,,
RUG595.fasta,d__Bacteria,p__Firmicutes_A,,,,,
RUG056.fasta,d__Bacteria,p__Bacteroidota,c__Bacteroidia,o__Bacteroidales,,,
RUG655.fasta,d__Bacteria,p__Firmicutes_A,,,,,
RUG588.fasta,d__Bacteria,p__Firmicutes_A,,,,,
RUG170.fasta,d__Bacteria,p__Firmicutes_A,,,,,
RUG690.fasta,d__Bacteria,p__Fibrobacterota,c__Fibrobacteria,o__Fibrobacterales,f__Fibrobacteraceae,g__Fibrobacter,s__Fibrobacter sp900142495
RUG497.fasta,d__Bacteria,p__Bacteroidota,c__Bacteroidia,o__Bacteroidales,,,
RUG644.fasta,d__Bacteria,p__Bacteroidota,c__Bacteroidia,o__Bacteroidales,,,
RUG842.fasta,d__Bacteria,p__Firmicutes_A,,,,,
RUG321.fasta,d__Bacteria,p__Firmicutes_A,,,,,
RUG025.fasta,d__Bacteria,p__Actinobacteriota,c__Coriobacteriia,,,,
RUG268.fasta,d__Bacteria,p__Firmicutes_A,,,,,
RUG784.fasta,d__Bacteria,p__Bacteroidota,c__Bacteroidia,o__Bacteroidales,,,
RUG609.fasta,d__Bacteria,p__Firmicutes_A,,,,,
RUG258.fasta,d__Bacteria,p__Bacteroidota(reject),c__Bacteroidia,o__Bacteroidales,,,
RUG359.fasta,d__Bacteria,p__Bacteroidota,c__Bacteroidia,o__Bacteroidales,,,
RUG062.fasta,d__Bacteria,p__Bacteroidota,c__Bacteroidia,o__Bacteroidales,,,
RUG413.fasta,d__Bacteria,p__Bacteroidota,c__Bacteroidia,o__Bacteroidales,,,
RUG363.fasta,d__Bacteria,p__Firmicutes_A,,,,,
RUG501.fasta,d__Bacteria,p__Firmicutes_A(reject),,,,,
RUG064.fasta,d__Bacteria,p__Bacteroidota,c__Bacteroidia,o__Bacteroidales,,,
hRUG897.fasta,d__Bacteria,p__Bacteroidota,c__Bacteroidia,o__Bacteroidales,,,
RUG226.fasta,d__Bacteria,p__Firmicutes_A,,,,,
RUG649.fasta,d__Bacteria,p__Bacteroidota,c__Bacteroidia,o__Bacteroidales,,,
RUG098.fasta,d__Bacteria,p__Firmicutes_A,,,,,
RUG435.fasta,d__Bacteria,p__Bacteroidota,c__Bacteroidia,o__Bacteroidales,,,
RUG526.fasta,d__Archaea,p__Methanobacteriota,c__Methanobacteria,o__Methanobacteriales,f__Methanobacteriaceae,g__Methanobrevibacter_A,s__Methanobrevibacter_A sp900314695
RUG474.fasta,d__Bacteria,p__Bacteroidota,c__Bacteroidia,o__Bacteroidales,,,
RUG519.fasta,d__Bacteria,p__Bacteroidota,c__Bacteroidia,o__Bacteroidales,,,
RUG423.fasta,d__Bacteria,p__Bacteroidota,c__Bacteroidia,o__Bacteroidales,,,
RUG746.fasta,d__Bacteria,p__Firmicutes_A(reject),,,,,
hRUG883.fasta,d__Bacteria,p__Bacteroidota,c__Bacteroidia,o__Bacteroidales,,,
RUG665.fasta,d__Bacteria,p__Firmicutes_A,,,,,
RUG552.fasta,d__Bacteria,p__Bacteroidota,c__Bacteroidia,o__Bacteroidales,,,
RUG821.fasta,d__Bacteria,p__Firmicutes_A,,,,,
RUG292.fasta,d__Bacteria,p__Bacteroidota,c__Bacteroidia,o__Bacteroidales,,,
RUG647.fasta,d__Bacteria,p__Bacteroidota,c__Bacteroidia,o__Bacteroidales,,,
RUG241.fasta,d__Bacteria,p__Firmicutes_A,,,,,
RUG428.fasta,d__Bacteria,p__Firmicutes_A,,,,,
RUG681.fasta,d__Bacteria,p__Firmicutes_A,,,,,
RUG674.fasta,d__Bacteria,p__Firmicutes_A,,,,,
RUG805.fasta,d__Bacteria,p__Firmicutes_A,,,,,
RUG328.fasta,d__Bacteria,p__Firmicutes_A,,,,,
RUG224.fasta,d__Bacteria,p__Bacteroidota,c__Bacteroidia,o__Bacteroidales,,,
RUG688.fasta,d__Bacteria,p__Firmicutes_A,,,,,
RUG164.fasta,d__Bacteria,p__Bacteroidota,c__Bacteroidia,o__Bacteroidales,,,
RUG836.fasta,d__Bacteria,p__Actinobacteriota(reject),c__Coriobacteriia,,,,
RUG181.fasta,d__Bacteria,p__Fibrobacterota,c__Fibrobacteria,o__Fibrobacterales,f__Fibrobacteraceae,g__Fibrobacter,s__Fibrobacter sp900316465
RUG355.fasta,d__Bacteria,p__Bacteroidota,c__Bacteroidia,o__Bacteroidales,,,
hRUG869.fasta,d__Bacteria(reject),p__Firmicutes_A,,,,,
RUG668.fasta,d__Bacteria,p__Bacteroidota,c__Bacteroidia,o__Bacteroidales,,,
RUG004.fasta,d__Bacteria,p__Actinobacteriota(reject),c__Coriobacteriia,,,,
hRUG880.fasta,d__Bacteria,p__Firmicutes_A,,,,,
RUG466.fasta,d__Bacteria,p__Bacteroidota(reject),c__Bacteroidia,o__Bacteroidales,,,
RUG317.fasta,d__Bacteria(reject),p__Bacteroidota,c__Bacteroidia,o__Bacteroidales,,,
RUG284.fasta,d__Bacteria,p__Myxococcota,,,,,
RUG708.fasta,d__Bacteria,p__Firmicutes_A,,,,,
RUG699.fasta,d__Bacteria,p__Bacteroidota,c__Bacteroidia,o__Bacteroidales,,,
RUG427.fasta,d__Bacteria,p__Firmicutes_A,,,,,
RUG456.fasta,d__Bacteria,p__Bacteroidota,c__Bacteroidia,o__Bacteroidales,,,
RUG768.fasta,d__Bacteria,p__Actinobacteriota,c__Coriobacteriia,,,,
RUG794.fasta,d__Bacteria,p__Firmicutes_A,,,,,
RUG832.fasta,d__Bacteria,p__Firmicutes,c__Bacilli,,,,
RUG319.fasta,d__Bacteria,p__Firmicutes,c__Bacilli,,,,
RUG072.fasta,d__Bacteria,p__Firmicutes_C,c__Negativicutes,o__Selenomonadales,f__Selenomonadaceae,g__UBA2897,s__UBA2897 sp900315155
RUG416.fasta,d__Bacteria,p__Firmicutes_A,,,,,
RUG014.fasta,d__Bacteria,p__Firmicutes_C,c__Negativicutes,o__Selenomonadales,f__Selenomonadaceae,g__Selenomonas_A(reject),
hRUG854.fasta,d__Bacteria,p__Spirochaetota(reject),c__Spirochaetia,,,,
RUG276.fasta,d__Bacteria,p__Firmicutes_C,c__Negativicutes,o__Selenomonadales,f__Selenomonadaceae,g__Selenomonas_C,s__Selenomonas_C sp900315575
RUG500.fasta,d__Bacteria,p__Bacteroidota,c__Bacteroidia,o__Bacteroidales,,,
RUG717.fasta,d__Bacteria,p__Bacteroidota,c__Bacteroidia,o__Bacteroidales,,,
RUG780.fasta,d__Archaea,p__Methanobacteriota,c__Methanobacteria,o__Methanobacteriales,f__Methanobacteriaceae,g__Methanobrevibacter_A,s__Methanobrevibacter_A sp900319535(reject)
