,domain,phylum,class,order,family
RUG518,d__Bacteria,p__Firmicutes_A,c__Clostridia,o__Oscillospirales,f__Oscillospiraceae
RUG427,d__Bacteria,p__Firmicutes_A,reject,,
RUG491,d__Bacteria,p__Firmicutes_A,c__Clostridia,o__Oscillospirales,f__Acutalibacteraceae
RUG235,d__Bacteria,p__Firmicutes_A,c__Clostridia,o__Oscillospirales,reject
RUG767,d__Bacteria,p__Firmicutes_A,c__Clostridia_A,o__Christensenellales,
RUG580,d__Bacteria,reject,,,
RUG306,d__Bacteria,reject,,,
RUG783,d__Bacteria,reject,,,
RUG313,d__Bacteria,p__Firmicutes_A,c__Clostridia,o__Oscillospirales,reject
RUG038,d__Bacteria,reject,,,
RUG702,d__Bacteria,reject,,,
RUG320,d__Bacteria,p__Firmicutes_A,reject,,
RUG349,d__Bacteria,reject,,,
RUG464,d__Bacteria,p__Firmicutes_A,c__Clostridia,o__Oscillospirales,f__Acutalibacteraceae
RUG682,d__Bacteria,reject,,,
RUG067,d__Bacteria,reject,,,
RUG263,d__Bacteria,reject,,,
RUG299,d__Bacteria,p__Firmicutes_A,c__Clostridia,o__Oscillospirales,f__Acutalibacteraceae
hRUG861,d__Bacteria,reject,,,
RUG157,d__Bacteria,p__Firmicutes_A,reject,,
RUG402,d__Bacteria,reject,,,
RUG565,d__Bacteria,reject,,,
RUG609,d__Bacteria,p__Firmicutes_A,reject,,
RUG208,d__Bacteria,reject,,,
RUG258,d__Bacteria,reject,,,
RUG495,d__Bacteria,reject,,,
RUG158,d__Bacteria,p__Firmicutes_A,c__Clostridia,o__Oscillospirales,reject
RUG381,d__Bacteria,p__Firmicutes_A,c__Clostridia,o__Lachnospirales,
RUG096,d__Bacteria,p__Firmicutes_A,c__Clostridia,o__Lachnospirales,
RUG776,d__Bacteria,reject,,,
RUG119,d__Bacteria,reject,,,
RUG557,d__Bacteria,p__Firmicutes_A,reject,,
RUG846,d__Bacteria,p__Firmicutes_A,c__Clostridia,o__Oscillospirales,f__Acutalibacteraceae
RUG680,d__Bacteria,reject,,,
RUG271,d__Bacteria,p__Firmicutes_A,c__Clostridia,o__Oscillospirales,reject
RUG027,d__Bacteria,p__Firmicutes_A,c__Clostridia,o__Oscillospirales,f__Oscillospiraceae
RUG215,d__Bacteria,p__Firmicutes_A,c__Clostridia,o__Oscillospirales,f__Oscillospiraceae
RUG248,d__Bacteria,p__Firmicutes_A,c__Clostridia,reject,
RUG463,d__Bacteria,p__Firmicutes_A,reject,,
RUG196,d__Bacteria,p__Firmicutes_A,reject,,
RUG305,d__Bacteria,p__Firmicutes_A,reject,,
RUG138,d__Bacteria,p__Firmicutes_A,reject,,
RUG185,d__Bacteria,p__Firmicutes_A,c__Clostridia,o__Lachnospirales,
RUG226,d__Bacteria,p__Firmicutes_A,c__Clostridia,o__Lachnospirales,
RUG563,d__Bacteria,p__Firmicutes_A,c__Clostridia_A,o__Christensenellales,
RUG475,d__Bacteria,p__Firmicutes_A,c__Clostridia,reject,
RUG741,d__Bacteria,reject,,,
RUG167,d__Bacteria,p__Firmicutes_A,reject,,
RUG604,d__Bacteria,p__Firmicutes_A,reject,,
RUG356,d__Bacteria,reject,,,
RUG251,d__Bacteria,p__Firmicutes_A,c__Clostridia,reject,
RUG223,d__Bacteria,p__Firmicutes_A,c__Clostridia,o__Lachnospirales,
RUG763,d__Bacteria,reject,,,
RUG100,d__Bacteria,reject,,,
RUG289,d__Bacteria,reject,,,
RUG303,d__Bacteria,p__Firmicutes_A,c__Clostridia,o__Oscillospirales,f__Oscillospiraceae
RUG283,d__Bacteria,reject,,,
RUG735,d__Bacteria,p__Firmicutes_A,c__Clostridia,o__Lachnospirales,
RUG141,d__Bacteria,reject,,,
RUG028,d__Bacteria,reject,,,
RUG342,d__Bacteria,p__Firmicutes_A,c__Clostridia,o__Oscillospirales,reject
RUG170,d__Bacteria,reject,,,
RUG122,d__Bacteria,reject,,,
RUG149,d__Bacteria,p__Firmicutes_A,c__Clostridia,o__Oscillospirales,f__Acutalibacteraceae
RUG408,d__Bacteria,reject,,,
RUG627,d__Bacteria,reject,,,
RUG428,d__Bacteria,reject,,,
RUG366,d__Bacteria,p__Firmicutes_A,reject,,
RUG199,d__Bacteria,reject,,,
RUG118,d__Bacteria,reject,,,
RUG044,d__Bacteria,p__Firmicutes_A,reject,,
RUG444,d__Bacteria,reject,,,
RUG416,d__Bacteria,reject,,,
RUG008,d__Bacteria,p__Firmicutes_A,reject,,
RUG666,d__Bacteria,reject,,,
RUG154,d__Bacteria,p__Firmicutes_A,c__Clostridia,o__Lachnospirales,
RUG147,d__Bacteria,p__Firmicutes_A,reject,,
RUG057,d__Bacteria,reject,,,
RUG607,d__Bacteria,p__Firmicutes_A,reject,,
RUG340,d__Bacteria,reject,,,
RUG567,d__Bacteria,reject,,,
RUG350,d__Bacteria,p__Firmicutes_A,c__Clostridia_A,o__Christensenellales,
RUG746,d__Bacteria,reject,,,
RUG471,d__Bacteria,p__Firmicutes_A,reject,,
RUG472,d__Bacteria,reject,,,
RUG117,d__Bacteria,reject,,,
RUG543,d__Bacteria,p__Firmicutes_A,c__Clostridia,o__Oscillospirales,f__Acutalibacteraceae
RUG566,d__Bacteria,p__Firmicutes_A,reject,,
RUG214,d__Bacteria,reject,,,
RUG688,d__Bacteria,p__Firmicutes_A,reject,,
RUG285,d__Bacteria,p__Firmicutes_A,c__Clostridia,o__Lachnospirales,
hRUG855,d__Bacteria,p__Firmicutes_A,reject,,
RUG701,d__Bacteria,reject,,,
RUG015,d__Bacteria,p__Firmicutes_A,c__Clostridia,o__Lachnospirales,
RUG775,d__Bacteria,p__Firmicutes_A,c__Clostridia,o__Lachnospirales,
RUG578,d__Bacteria,p__Firmicutes_A,reject,,
RUG601,d__Bacteria,p__Firmicutes_A,reject,,
RUG650,d__Bacteria,reject,,,
RUG612,d__Bacteria,p__Firmicutes_A,c__Clostridia,reject,
hRUG895,d__Bacteria,reject,,,
RUG090,d__Bacteria,reject,,,
RUG665,d__Bacteria,p__Firmicutes_A,c__Clostridia,o__Oscillospirales,f__Acutalibacteraceae
RUG091,d__Bacteria,p__Firmicutes_A,c__Clostridia,o__Lachnospirales,
RUG608,d__Bacteria,p__Firmicutes_A,reject,,
RUG288,d__Bacteria,p__Firmicutes_A,reject,,
RUG808,d__Bacteria,reject,,,
RUG789,d__Bacteria,p__Firmicutes_A,reject,,
RUG799,d__Bacteria,reject,,,
RUG009,d__Bacteria,p__Firmicutes_A,c__Clostridia,o__Lachnospirales,
RUG088,d__Bacteria,p__Firmicutes_A,c__Clostridia,o__Oscillospirales,f__Acutalibacteraceae
RUG316,d__Bacteria,reject,,,
RUG596,d__Bacteria,p__Firmicutes_A,reject,,
RUG189,d__Bacteria,p__Firmicutes_A,c__Clostridia,o__Oscillospirales,f__Acutalibacteraceae
RUG104,d__Bacteria,p__Firmicutes_A,c__Clostridia,o__Oscillospirales,f__Oscillospiraceae
RUG801,d__Bacteria,reject,,,
RUG425,d__Bacteria,p__Firmicutes_A,reject,,
RUG095,d__Bacteria,reject,,,
RUG098,d__Bacteria,p__Firmicutes_A,c__Clostridia,reject,
RUG595,d__Bacteria,reject,,,
RUG829,d__Bacteria,reject,,,
RUG111,d__Bacteria,reject,,,
hRUG896,d__Bacteria,p__Firmicutes_A,c__Clostridia,o__Lachnospirales,
hRUG892,d__Bacteria,reject,,,
RUG531,d__Bacteria,reject,,,
hRUG852,d__Bacteria,reject,,,
RUG706,d__Bacteria,reject,,,
RUG081,d__Bacteria,p__Firmicutes_A,c__Clostridia,o__Oscillospirales,f__Acutalibacteraceae
RUG635,d__Bacteria,p__Firmicutes_A,c__Clostridia,o__Lachnospirales,
RUG662,d__Bacteria,reject,,,
RUG764,d__Bacteria,p__Firmicutes_A,c__Clostridia,o__Lachnospirales,
RUG145,d__Bacteria,reject,,,
RUG327,d__Bacteria,p__Firmicutes_A,c__Clostridia,o__Oscillospirales,reject
RUG724,d__Bacteria,reject,,,
RUG845,d__Bacteria,p__Firmicutes_A,c__Clostridia,o__Oscillospirales,f__Acutalibacteraceae
RUG613,d__Bacteria,reject,,,
RUG758,d__Bacteria,p__Firmicutes_C,,reject,
RUG740,d__Bacteria,reject,,,
RUG341,d__Bacteria,p__Firmicutes_A,c__Clostridia,o__Oscillospirales,f__Acutalibacteraceae
RUG361,d__Bacteria,reject,,,
RUG365,d__Bacteria,p__Firmicutes_A,c__Clostridia,o__Oscillospirales,f__Acutalibacteraceae
RUG661,d__Bacteria,reject,,,
RUG669,d__Bacteria,p__Firmicutes_A,c__Clostridia,o__Oscillospirales,reject
hRUG872,d__Bacteria,reject,,,
RUG300,d__Bacteria,reject,,,
RUG175,d__Bacteria,p__Firmicutes_A,reject,,
RUG511,d__Bacteria,p__Firmicutes_A,c__Clostridia,reject,
hRUG903,d__Bacteria,p__Firmicutes_A,c__Clostridia,o__Oscillospirales,f__Acutalibacteraceae
RUG605,d__Bacteria,reject,,,
RUG794,d__Bacteria,reject,,,
RUG294,d__Bacteria,p__Firmicutes_A,c__Clostridia,o__Oscillospirales,f__Oscillospiraceae
RUG814,d__Bacteria,p__Firmicutes_A,c__Clostridia,o__Oscillospirales,reject
RUG616,d__Bacteria,reject,,,
RUG230,d__Bacteria,p__Firmicutes_A,c__Clostridia,o__Oscillospirales,f__Acutalibacteraceae
RUG796,d__Bacteria,p__Firmicutes_A,reject,,
RUG811,d__Bacteria,p__Firmicutes_A,c__Clostridia,reject,
RUG738,d__Bacteria,p__Firmicutes_A,c__Clostridia,o__Oscillospirales,f__Ruminococcaceae
RUG177,d__Bacteria,p__Firmicutes_A,reject,,
RUG247,d__Bacteria,p__Firmicutes_A,reject,,
RUG809,d__Bacteria,p__Firmicutes_A,c__Clostridia,o__Lachnospirales,
RUG268,d__Bacteria,p__Firmicutes_A,c__Clostridia,o__Lachnospirales,
RUG432,d__Bacteria,reject,,,
RUG080,d__Bacteria,p__Firmicutes_A,reject,,
RUG439,d__Bacteria,p__Firmicutes_A,c__Clostridia,o__Oscillospirales,f__Oscillospiraceae
RUG754,d__Bacteria,reject,,,
RUG460,d__Bacteria,p__Firmicutes_A,reject,,
RUG336,d__Bacteria,reject,,,
RUG115,d__Bacteria,p__Firmicutes_A,c__Clostridia,o__Lachnospirales,
RUG103,d__Bacteria,reject,,,
hRUG871,d__Bacteria,reject,,,
RUG041,d__Bacteria,p__Firmicutes_A,reject,,
RUG252,d__Bacteria,reject,,,
RUG272,d__Bacteria,p__Firmicutes_A,c__Clostridia,o__Oscillospirales,reject
RUG132,d__Bacteria,p__Firmicutes_A,reject,,
RUG830,d__Bacteria,reject,,,
RUG626,d__Bacteria,p__Firmicutes_A,reject,,
RUG760,d__Bacteria,reject,,,
RUG267,d__Bacteria,p__Firmicutes_A,c__Clostridia,o__Oscillospirales,reject
RUG529,d__Bacteria,p__Firmicutes_A,c__Clostridia,o__Oscillospirales,f__Oscillospiraceae
RUG623,d__Bacteria,p__Firmicutes_A,reject,,
RUG757,d__Bacteria,p__Firmicutes_A,c__Clostridia,o__Oscillospirales,reject
RUG321,d__Bacteria,p__Firmicutes_A,reject,,
RUG825,d__Bacteria,p__Firmicutes_A,c__Clostridia,o__Oscillospirales,reject
RUG656,d__Bacteria,reject,,,
RUG480,d__Bacteria,reject,,,
RUG420,d__Bacteria,reject,,,
RUG822,d__Bacteria,p__Firmicutes_A,reject,,
RUG819,d__Bacteria,reject,,,
RUG411,d__Bacteria,reject,,,
RUG798,d__Bacteria,p__Firmicutes_A,c__Clostridia,o__Oscillospirales,f__Oscillospiraceae
RUG180,d__Bacteria,p__Firmicutes_A,reject,,
RUG006,d__Bacteria,reject,,,
RUG183,d__Bacteria,p__Firmicutes_A,c__Clostridia,reject,
RUG694,d__Bacteria,p__Firmicutes_A,c__Clostridia,o__Lachnospirales,
RUG198,d__Bacteria,p__Firmicutes_A,reject,,
RUG282,d__Bacteria,reject,,,
RUG573,d__Bacteria,p__Firmicutes_A,c__Clostridia,o__Oscillospirales,reject
RUG389,d__Bacteria,reject,,,
RUG671,d__Bacteria,p__Firmicutes_A,c__Clostridia,o__Lachnospirales,
RUG026,d__Bacteria,reject,,,
RUG099,d__Bacteria,p__Firmicutes_A,reject,,
RUG333,d__Bacteria,p__Firmicutes_A,reject,,
RUG322,d__Bacteria,p__Firmicutes_A,c__Clostridia,o__Oscillospirales,reject
RUG238,d__Bacteria,reject,,,
RUG824,d__Bacteria,p__Firmicutes_A,c__Clostridia,o__Lachnospirales,
RUG467,d__Bacteria,reject,,,
RUG641,d__Bacteria,reject,,,
RUG449,d__Bacteria,p__Firmicutes_A,reject,,
RUG094,d__Bacteria,reject,,,
RUG128,d__Bacteria,p__Firmicutes_A,c__Clostridia,o__Lachnospirales,
RUG637,d__Bacteria,p__Firmicutes_A,c__Clostridia,o__Oscillospirales,f__Acutalibacteraceae
RUG191,d__Bacteria,reject,,,
RUG714,d__Bacteria,p__Firmicutes_C,,reject,
RUG222,d__Bacteria,p__Firmicutes_A,c__Clostridia,o__Lachnospirales,
RUG453,d__Bacteria,p__Firmicutes_A,c__Clostridia,o__Oscillospirales,f__Oscillospiraceae
hRUG882,d__Bacteria,p__Firmicutes_A,reject,,
RUG217,d__Bacteria,p__Firmicutes_A,c__Clostridia,o__Oscillospirales,f__Acutalibacteraceae
RUG554,d__Bacteria,reject,,,
RUG332,d__Bacteria,reject,,,
RUG642,d__Bacteria,reject,,,
RUG542,d__Bacteria,p__Firmicutes_A,c__Clostridia,o__Oscillospirales,f__Oscillospiraceae
RUG611,d__Bacteria,reject,,,
RUG290,d__Bacteria,p__Firmicutes_A,reject,,
RUG512,d__Bacteria,p__Firmicutes_A,c__Clostridia,o__Lachnospirales,
RUG670,d__Bacteria,p__Firmicutes_A,c__Clostridia,o__Oscillospirales,reject
RUG704,d__Bacteria,reject,,,
hRUG868,d__Bacteria,reject,,,
RUG148,d__Bacteria,reject,,,
RUG525,d__Bacteria,reject,,,
RUG850,d__Bacteria,p__Firmicutes_A,reject,,
RUG452,d__Bacteria,p__Firmicutes_A,reject,,
RUG010,d__Bacteria,p__Firmicutes_A,c__Clostridia,o__Oscillospirales,f__Oscillospiraceae
RUG213,d__Bacteria,p__Firmicutes_A,c__Clostridia,o__Oscillospirales,reject
RUG588,d__Bacteria,reject,,,
hRUG877,d__Bacteria,reject,,,
RUG561,d__Bacteria,p__Firmicutes_A,reject,,
RUG296,d__Bacteria,p__Firmicutes_A,c__Clostridia,o__Clostridiales,
hRUG856,d__Bacteria,p__Firmicutes_A,reject,,
RUG484,d__Bacteria,p__Firmicutes_A,reject,,
RUG159,d__Bacteria,p__Firmicutes_A,reject,,
hRUG880,d__Bacteria,reject,,,
RUG007,d__Bacteria,p__Firmicutes_A,reject,,
RUG806,d__Bacteria,p__Firmicutes_A,c__Clostridia,o__Oscillospirales,reject
hRUG866,d__Bacteria,reject,,,
RUG792,d__Bacteria,reject,,,
hRUG869,d__Bacteria,reject,,,
RUG194,d__Bacteria,reject,,,
RUG633,d__Bacteria,reject,,,
RUG368,d__Bacteria,p__Firmicutes_A,reject,,
hRUG859,d__Bacteria,p__Firmicutes_A,c__Clostridia,o__Lachnospirales,
RUG681,d__Bacteria,p__Firmicutes_A,c__Clostridia,reject,
RUG835,d__Bacteria,p__Firmicutes_A,c__Clostridia,o__Oscillospirales,f__Acutalibacteraceae
RUG847,d__Bacteria,reject,,,
RUG762,d__Bacteria,p__Firmicutes_A,c__Clostridia,o__Oscillospirales,f__Acutalibacteraceae
RUG202,d__Bacteria,reject,,,
RUG311,d__Bacteria,reject,,,
RUG074,d__Bacteria,p__Firmicutes_A,reject,,
RUG105,d__Bacteria,p__Firmicutes_A,c__Clostridia,o__Oscillospirales,reject
RUG743,d__Bacteria,reject,,,
RUG726,d__Bacteria,p__Firmicutes_A,c__Clostridia,o__Oscillospirales,reject
RUG678,d__Bacteria,p__Firmicutes_A,c__Clostridia,o__Oscillospirales,f__Oscillospiraceae
RUG655,d__Bacteria,p__Firmicutes_A,reject,,
hRUG851,d__Bacteria,p__Firmicutes_A,c__Clostridia,o__Lachnospirales,
RUG710,d__Bacteria,reject,,,
RUG433,d__Bacteria,reject,,,
RUG110,d__Bacteria,p__Firmicutes_A,c__Clostridia,o__Oscillospirales,reject
RUG468,d__Bacteria,p__Firmicutes_A,c__Clostridia,o__Oscillospirales,f__Acutalibacteraceae
RUG466,d__Bacteria,reject,,,
RUG687,d__Bacteria,p__Firmicutes_A,c__Clostridia,reject,
hRUG904,d__Bacteria,reject,,,
RUG127,d__Bacteria,reject,,,
RUG458,d__Bacteria,reject,,,
RUG508,d__Bacteria,reject,,,
RUG816,d__Bacteria,p__Firmicutes_A,c__Clostridia,o__Lachnospirales,
RUG203,d__Bacteria,reject,,,
RUG581,d__Bacteria,p__Firmicutes_A,c__Clostridia,o__Oscillospirales,f__Acutalibacteraceae
RUG297,d__Bacteria,p__Firmicutes_A,c__Clostridia,o__Lachnospirales,
RUG651,d__Bacteria,reject,,,
RUG527,d__Bacteria,p__Firmicutes_A,c__Clostridia,o__Oscillospirales,f__Acutalibacteraceae
RUG502,d__Bacteria,p__Firmicutes_A,reject,,
hRUG881,d__Bacteria,reject,,,
RUG277,d__Bacteria,p__Firmicutes_A,c__Clostridia,o__Oscillospirales,f__Acutalibacteraceae
RUG447,d__Bacteria,p__Firmicutes_A,reject,,
RUG576,d__Bacteria,reject,,,
hRUG884,d__Bacteria,reject,,,
RUG709,d__Bacteria,reject,,,
RUG364,d__Bacteria,p__Firmicutes_A,reject,,
RUG677,d__Bacteria,reject,,,
RUG640,d__Bacteria,reject,,,
RUG335,d__Bacteria,reject,,,
RUG146,d__Bacteria,p__Firmicutes_A,c__Clostridia_A,o__Christensenellales,
RUG220,d__Bacteria,p__Firmicutes_A,reject,,
RUG109,d__Bacteria,p__Firmicutes_A,c__Clostridia,o__Oscillospirales,reject
RUG652,d__Bacteria,reject,,,
RUG592,d__Bacteria,p__Firmicutes_A,c__Clostridia,o__Oscillospirales,f__Acutalibacteraceae
RUG534,d__Bacteria,reject,,,
RUG692,d__Bacteria,p__Firmicutes_A,reject,,
RUG231,d__Bacteria,p__Firmicutes_A,c__Clostridia,o__Lachnospirales,
RUG756,d__Bacteria,reject,,,
RUG683,d__Bacteria,reject,,,
RUG328,d__Bacteria,reject,,,
RUG674,d__Bacteria,p__Firmicutes_A,reject,,
RUG404,d__Bacteria,reject,,,
RUG646,d__Bacteria,reject,,,
RUG035,d__Bacteria,reject,,,
RUG155,d__Bacteria,p__Firmicutes_A,c__Clostridia,o__Oscillospirales,f__Acutalibacteraceae
RUG393,d__Bacteria,p__Firmicutes_A,c__Clostridia,o__Oscillospirales,f__Ruminococcaceae
RUG398,d__Bacteria,reject,,,
RUG218,d__Bacteria,p__Firmicutes_A,c__Clostridia,o__Oscillospirales,f__Acutalibacteraceae
RUG291,d__Bacteria,p__Firmicutes_A,c__Clostridia,o__Oscillospirales,reject
RUG353,d__Bacteria,reject,,,
RUG781,d__Bacteria,p__Firmicutes_A,c__Clostridia,o__Lachnospirales,
RUG308,d__Bacteria,reject,,,
RUG617,d__Bacteria,reject,,,
hRUG899,d__Bacteria,p__Firmicutes_A,reject,,
RUG718,d__Bacteria,p__Firmicutes_A,c__Clostridia,o__Oscillospirales,reject
RUG524,d__Bacteria,reject,,,
RUG351,d__Bacteria,reject,,,
RUG166,d__Bacteria,p__Firmicutes_A,reject,,
RUG516,d__Bacteria,reject,,,
RUG066,d__Bacteria,p__Firmicutes_A,c__Clostridia,o__Lachnospirales,
RUG426,d__Bacteria,p__Firmicutes_A,c__Clostridia,o__Oscillospirales,f__Acutalibacteraceae
RUG842,d__Bacteria,reject,,,
RUG270,d__Bacteria,p__Firmicutes_A,c__Clostridia,o__Oscillospirales,f__Acutalibacteraceae
RUG834,d__Bacteria,p__Firmicutes_A,c__Clostridia,o__Oscillospirales,reject
RUG151,d__Bacteria,reject,,,
RUG547,d__Bacteria,p__Firmicutes_A,c__Clostridia_A,o__Christensenellales,
RUG805,d__Bacteria,reject,,,
RUG708,d__Bacteria,reject,,,
RUG055,d__Bacteria,reject,,,
RUG089,d__Bacteria,reject,,,
RUG675,d__Bacteria,reject,,,
hRUG886,d__Bacteria,p__Firmicutes_A,reject,,
RUG409,d__Bacteria,reject,,,
RUG370,d__Bacteria,p__Firmicutes_A,c__Clostridia,o__Oscillospirales,reject
RUG817,d__Bacteria,p__Firmicutes_A,reject,,
RUG375,d__Bacteria,reject,,,
RUG638,d__Bacteria,reject,,,
RUG255,d__Bacteria,reject,,,
RUG211,d__Bacteria,reject,,,
RUG522,d__Bacteria,p__Firmicutes_A,c__Clostridia,o__Oscillospirales,f__Acutalibacteraceae
RUG135,d__Bacteria,p__Firmicutes_A,c__Clostridia,o__Oscillospirales,f__Acutalibacteraceae
RUG274,d__Bacteria,reject,,,
RUG477,d__Bacteria,reject,,,
RUG509,d__Bacteria,p__Firmicutes_A,c__Clostridia,o__Oscillospirales,f__Acutalibacteraceae
hRUG875,d__Bacteria,reject,,,
RUG498,d__Bacteria,p__Firmicutes_A,c__Clostridia,o__Oscillospirales,f__Oscillospiraceae
RUG391,d__Bacteria,p__Firmicutes_A,c__Clostridia,o__Lachnospirales,
RUG241,d__Bacteria,p__Firmicutes_A,c__Clostridia,o__Oscillospirales,reject
RUG363,d__Bacteria,reject,,,
hRUG870,d__Bacteria,reject,,,
hRUG853,d__Bacteria,reject,,,
RUG441,d__Bacteria,reject,,,
RUG777,d__Bacteria,p__Firmicutes_A,c__Clostridia,o__Oscillospirales,reject
RUG304,d__Bacteria,reject,,,
RUG084,d__Bacteria,reject,,,
RUG254,d__Bacteria,reject,,,
RUG385,d__Bacteria,p__Firmicutes_A,c__Clostridia,o__Oscillospirales,f__Acutalibacteraceae
hRUG867,d__Bacteria,p__Firmicutes_A,reject,,
RUG060,d__Bacteria,p__Firmicutes_A,reject,,
RUG221,d__Bacteria,p__Firmicutes_A,c__Clostridia,o__Oscillospirales,f__Oscillospiraceae
RUG821,d__Bacteria,p__Firmicutes_A,reject,,
RUG029,d__Bacteria,reject,,,
RUG700,d__Bacteria,reject,,,
RUG394,d__Bacteria,p__Firmicutes_A,c__Clostridia,o__Oscillospirales,f__Acutalibacteraceae
RUG227,d__Bacteria,reject,,,
RUG584,d__Bacteria,reject,,,
hRUG885,d__Bacteria,reject,,,
hRUG860,d__Bacteria,p__Firmicutes_C,c__Negativicutes,o__Selenomonadales,
RUG643,d__Bacteria,reject,,,
RUG628,d__Bacteria,reject,,,
hRUG894,d__Bacteria,reject,,,
RUG848,d__Bacteria,p__Firmicutes_C,c__Negativicutes,reject,
RUG179,d__Bacteria,reject,,,
RUG114,d__Bacteria,reject,,,
RUG140,d__Bacteria,reject,,,
RUG024,d__Bacteria,p__Firmicutes_C,c__Negativicutes,o__Selenomonadales,
RUG102,d__Bacteria,reject,,,
hRUG887,d__Bacteria,reject,,,
hRUG854,d__Bacteria,p__Firmicutes_C,c__Negativicutes,o__Selenomonadales,
RUG237,d__Bacteria,p__Firmicutes_C,c__Negativicutes,o__Acidaminococcales,
RUG113,d__Bacteria,p__Firmicutes_C,c__Negativicutes,o__Acidaminococcales,
RUG384,d__Bacteria,reject,,,
RUG618,d__Bacteria,p__Firmicutes_C,c__Negativicutes,o__Veillonellales,
hRUG863,d__Bacteria,p__Firmicutes_C,c__Negativicutes,o__Acidaminococcales,
RUG045,d__Bacteria,reject,,,
RUG005,d__Bacteria,p__Firmicutes_C,c__Negativicutes,reject,
RUG371,d__Bacteria,p__Firmicutes_C,c__Negativicutes,o__Selenomonadales,
RUG072,d__Bacteria,p__Firmicutes_C,c__Negativicutes,o__Selenomonadales,
RUG556,d__Bacteria,p__Firmicutes_C,c__Negativicutes,reject,
RUG499,d__Bacteria,reject,,,
RUG019,d__Bacteria,p__Firmicutes_C,c__Negativicutes,o__Acidaminococcales,
RUG276,d__Bacteria,p__Firmicutes_C,c__Negativicutes,o__Selenomonadales,
RUG043,d__Bacteria,p__Firmicutes_C,c__Negativicutes,o__Selenomonadales,
RUG048,d__Bacteria,p__Firmicutes_C,c__Negativicutes,o__Acidaminococcales,
RUG097,d__Bacteria,reject,,,
RUG075,d__Bacteria,reject,,,
RUG275,d__Bacteria,reject,,,
RUG293,d__Bacteria,p__Firmicutes,c__Bacilli,o__Erysipelotrichales,reject
RUG286,d__Bacteria,reject,,,
RUG388,d__Bacteria,reject,,,
RUG246,d__Bacteria,reject,,,
RUG016,d__Bacteria,p__Firmicutes,c__Bacilli,o__Erysipelotrichales,reject
RUG319,d__Bacteria,p__Firmicutes,c__Bacilli,reject,
RUG261,d__Bacteria,reject,,,
RUG551,d__Bacteria,reject,,,
RUG610,d__Bacteria,p__Firmicutes,c__Bacilli,o__RFN20,f__CAG-826
RUG206,d__Bacteria,p__Firmicutes,c__Bacilli,o__Mycoplasmatales,reject
RUG049,d__Bacteria,reject,,,
RUG793,d__Bacteria,p__Firmicutes,c__Bacilli,o__RF39,
hRUG889,d__Bacteria,p__Firmicutes,c__Bacilli,o__RF39,
hRUG900,d__Bacteria,reject,,,
RUG664,d__Bacteria,p__Firmicutes,c__Bacilli,o__Lactobacillales,f__Streptococcaceae
RUG813,d__Bacteria,p__Firmicutes_A,reject,,
RUG054,d__Bacteria,reject,,,
RUG053,d__Bacteria,reject,,,
RUG820,d__Bacteria,reject,,,
RUG042,d__Bacteria,p__Firmicutes,c__Bacilli,o__RFN20,f__CAG-826
RUG832,d__Bacteria,p__Firmicutes,c__Bacilli,o__RF39,
RUG050,d__Bacteria,reject,,,
RUG448,d__Bacteria,reject,,,
RUG287,d__Bacteria,p__Firmicutes,c__Bacilli,o__Erysipelotrichales,reject
RUG630,d__Bacteria,p__Firmicutes,c__Bacilli,o__RF39,
RUG087,d__Bacteria,reject,,,
RUG150,d__Bacteria,reject,,,
RUG131,d__Bacteria,p__Firmicutes,c__Bacilli,o__RFN20,f__CAG-826
RUG810,d__Bacteria,p__Firmicutes,c__Bacilli,o__RFN20,f__CAG-288
RUG521,d__Bacteria,reject,,,
hRUG910,d__Bacteria,p__Firmicutes,c__Bacilli,o__RF39,
RUG696,d__Bacteria,reject,,,
RUG503,d__Bacteria,reject,,,
RUG374,d__Bacteria,reject,,,
RUG051,d__Bacteria,reject,,,
RUG343,d__Bacteria,reject,,,
RUG591,d__Bacteria,p__Firmicutes,c__Bacilli,o__RF39,
hRUG876,d__Bacteria,reject,,,
RUG017,d__Bacteria,p__Firmicutes,c__Bacilli,o__Erysipelotrichales,reject
hRUG874,d__Bacteria,reject,,,
RUG684,d__Bacteria,reject,,,
RUG262,d__Bacteria,p__Firmicutes,c__Bacilli,o__Erysipelotrichales,reject
RUG052,d__Bacteria,reject,,,
RUG840,d__Bacteria,p__Firmicutes,c__Bacilli,o__RF39,
RUG705,d__Bacteria,p__Firmicutes,c__Bacilli,o__RF39,
RUG594,d__Bacteria,reject,,,
hRUG902,d__Bacteria,reject,,,
RUG346,d__Bacteria,p__Firmicutes,c__Bacilli,o__Bacillales,f__Bacillaceae
RUG021,d__Bacteria,p__Firmicutes,c__Bacilli,o__RFN20,f__CAG-826
hRUG912,d__Bacteria,reject,,,
RUG513,d__Bacteria,p__Firmicutes,c__Bacilli,o__Lactobacillales,f__Streptococcaceae
RUG357,d__Bacteria,reject,,,
RUG266,d__Bacteria,reject,,,
RUG123,d__Bacteria,reject,,,
RUG530,d__Bacteria,p__Firmicutes,c__Bacilli,o__RF39,
RUG597,d__Bacteria,p__Firmicutes_A,reject,,
RUG747,d__Bacteria,reject,,,
RUG727,d__Bacteria,reject,,,
RUG187,d__Bacteria,reject,,,
RUG698,d__Bacteria,reject,,,
RUG442,d__Bacteria,reject,,,
RUG034,d__Bacteria,reject,,,
RUG515,d__Bacteria,reject,,,
RUG152,d__Bacteria,p__Bacteroidota,c__Bacteroidia,o__Bacteroidales,reject
RUG212,d__Bacteria,reject,,,
RUG062,d__Bacteria,reject,,,
RUG419,d__Bacteria,p__Bacteroidota,c__Bacteroidia,o__Bacteroidales,f__Bacteroidaceae
RUG713,d__Bacteria,reject,,,
hRUG908,d__Bacteria,p__Bacteroidota,c__Bacteroidia,o__Bacteroidales,f__Bacteroidaceae
RUG459,d__Bacteria,p__Bacteroidota,c__Bacteroidia,o__Bacteroidales,f__Bacteroidaceae
RUG722,d__Bacteria,reject,,,
RUG401,d__Bacteria,reject,,,
RUG577,d__Bacteria,p__Bacteroidota,c__Bacteroidia,o__Bacteroidales,f__Bacteroidaceae
RUG826,d__Bacteria,reject,,,
RUG112,d__Bacteria,reject,,,
RUG431,d__Bacteria,p__Bacteroidota,c__Bacteroidia,o__Bacteroidales,f__Bacteroidaceae
RUG446,d__Bacteria,p__Bacteroidota,c__Bacteroidia,o__Bacteroidales,f__Bacteroidaceae
RUG372,d__Bacteria,reject,,,
RUG487,d__Bacteria,reject,,,
RUG478,d__Bacteria,reject,,,
RUG318,d__Bacteria,p__Bacteroidota,c__Bacteroidia,o__Bacteroidales,f__Bacteroidaceae
RUG483,d__Bacteria,p__Bacteroidota,c__Bacteroidia,o__Bacteroidales,f__Bacteroidaceae
RUG352,d__Bacteria,reject,,,
RUG326,d__Bacteria,p__Bacteroidota,c__Bacteroidia,o__Bacteroidales,f__P3
RUG838,d__Bacteria,reject,,,
hRUG906,d__Bacteria,p__Bacteroidota,c__Bacteroidia,o__Bacteroidales,f__Bacteroidaceae
RUG354,d__Bacteria,p__Bacteroidota,c__Bacteroidia,o__Bacteroidales,reject
RUG339,d__Bacteria,p__Bacteroidota,c__Bacteroidia,o__Bacteroidales,f__Bacteroidaceae
RUG629,d__Bacteria,reject,,,
RUG417,d__Bacteria,p__Bacteroidota,c__Bacteroidia,o__Bacteroidales,reject
RUG462,d__Bacteria,p__Bacteroidota,c__Bacteroidia,o__Bacteroidales,reject
RUG362,d__Bacteria,p__Bacteroidota,c__Bacteroidia,o__Bacteroidales,reject
RUG500,d__Bacteria,p__Bacteroidota,c__Bacteroidia,o__Bacteroidales,f__Bacteroidaceae
RUG273,d__Bacteria,p__Bacteroidota,c__Bacteroidia,o__Bacteroidales,f__Bacteroidaceae
RUG307,d__Bacteria,p__Bacteroidota,c__Bacteroidia,o__Bacteroidales,f__Bacteroidaceae
RUG397,d__Bacteria,p__Bacteroidota,c__Bacteroidia,o__Bacteroidales,f__Bacteroidaceae
RUG569,d__Bacteria,p__Bacteroidota,c__Bacteroidia,o__Bacteroidales,f__Bacteroidaceae
RUG474,d__Bacteria,p__Bacteroidota,c__Bacteroidia,o__Bacteroidales,f__Bacteroidaceae
RUG437,d__Bacteria,reject,,,
hRUG897,d__Bacteria,p__Bacteroidota,c__Bacteroidia,o__Bacteroidales,f__Bacteroidaceae
RUG116,d__Bacteria,reject,,,
RUG523,d__Bacteria,reject,,,
RUG510,d__Bacteria,reject,,,
RUG719,d__Bacteria,reject,,,
RUG717,d__Bacteria,reject,,,
RUG323,d__Bacteria,p__Bacteroidota,c__Bacteroidia,o__Bacteroidales,reject
RUG367,d__Bacteria,p__Bacteroidota,c__Bacteroidia,o__Bacteroidales,reject
RUG538,d__Bacteria,p__Bacteroidota,c__Bacteroidia,o__Bacteroidales,f__WCHB1-69
RUG552,d__Bacteria,reject,,,
RUG153,d__Bacteria,p__Bacteroidota,c__Bacteroidia,o__Bacteroidales,f__P3
RUG679,d__Bacteria,reject,,,
RUG429,d__Bacteria,p__Bacteroidota,c__Bacteroidia,o__Bacteroidales,f__P3
RUG144,d__Bacteria,p__Bacteroidota,c__Bacteroidia,o__Bacteroidales,f__Bacteroidaceae
RUG423,d__Bacteria,p__Bacteroidota,c__Bacteroidia,o__Bacteroidales,f__Bacteroidaceae
RUG476,d__Bacteria,reject,,,
RUG407,d__Bacteria,p__Bacteroidota,c__Bacteroidia,o__Bacteroidales,reject
hRUG858,d__Bacteria,p__Bacteroidota,c__Bacteroidia,o__Bacteroidales,f__Bacteroidaceae
RUG168,d__Bacteria,p__Bacteroidota,c__Bacteroidia,o__Bacteroidales,f__Bacteroidaceae
RUG667,d__Bacteria,reject,,,
RUG242,d__Bacteria,p__Bacteroidota,c__Bacteroidia,o__Bacteroidales,f__Bacteroidaceae
RUG494,d__Bacteria,reject,,,
RUG586,d__Bacteria,reject,,,
RUG106,d__Bacteria,p__Bacteroidota,c__Bacteroidia,o__Bacteroidales,f__Bacteroidaceae
RUG765,d__Bacteria,reject,,,
RUG259,d__Bacteria,p__Bacteroidota,c__Bacteroidia,o__Bacteroidales,f__Bacteroidaceae
RUG739,d__Bacteria,p__Bacteroidota,c__Bacteroidia,o__Bacteroidales,reject
RUG645,d__Bacteria,reject,,,
RUG559,d__Bacteria,p__Bacteroidota,c__Bacteroidia,o__Bacteroidales,f__Muribaculaceae
RUG488,d__Bacteria,p__Bacteroidota,c__Bacteroidia,o__Bacteroidales,f__Bacteroidaceae
RUG085,d__Bacteria,p__Bacteroidota,c__Bacteroidia,o__Bacteroidales,f__Bacteroidaceae
RUG156,d__Bacteria,p__Bacteroidota,c__Bacteroidia,o__Bacteroidales,reject
RUG625,d__Bacteria,reject,,,
RUG647,d__Bacteria,p__Bacteroidota,c__Bacteroidia,o__Bacteroidales,f__Bacteroidaceae
RUG331,d__Bacteria,reject,,,
RUG579,d__Bacteria,reject,,,
RUG733,d__Bacteria,p__Bacteroidota,c__Bacteroidia,o__Bacteroidales,f__Bacteroidaceae
RUG064,d__Bacteria,p__Bacteroidota,c__Bacteroidia,o__Bacteroidales,f__Bacteroidaceae
RUG750,d__Bacteria,reject,,,
RUG598,d__Bacteria,reject,,,
RUG337,d__Bacteria,reject,,,
RUG022,d__Bacteria,reject,,,
RUG849,d__Bacteria,p__Bacteroidota,c__Bacteroidia,o__Bacteroidales,f__Bacteroidaceae
RUG216,d__Bacteria,p__Bacteroidota,c__Bacteroidia,o__Bacteroidales,f__Bacteroidaceae
hRUG893,d__Bacteria,p__Bacteroidota,c__Bacteroidia,o__Bacteroidales,f__Bacteroidaceae
RUG200,d__Bacteria,p__Bacteroidota,c__Bacteroidia,o__Bacteroidales,f__Bacteroidaceae
RUG083,d__Bacteria,p__Bacteroidota,c__Bacteroidia,o__Bacteroidales,f__WCHB1-69
RUG309,d__Bacteria,p__Bacteroidota,c__Bacteroidia,o__Bacteroidales,f__Bacteroidaceae
RUG193,d__Bacteria,reject,,,
RUG583,d__Bacteria,reject,,,
RUG550,d__Bacteria,p__Bacteroidota,c__Bacteroidia,o__Bacteroidales,f__Bacteroidaceae
RUG360,d__Bacteria,p__Bacteroidota,c__Bacteroidia,o__Bacteroidales,reject
RUG782,d__Bacteria,p__Bacteroidota,c__Bacteroidia,o__Bacteroidales,f__Bacteroidaceae
RUG003,d__Bacteria,p__Bacteroidota,c__Bacteroidia,o__Bacteroidales,f__Bacteroidaceae
RUG564,d__Bacteria,reject,,,
RUG575,d__Bacteria,p__Bacteroidota,c__Bacteroidia,o__Bacteroidales,reject
RUG489,d__Bacteria,reject,,,
RUG535,d__Bacteria,p__Bacteroidota,c__Bacteroidia,o__Bacteroidales,f__Bacteroidaceae
RUG345,d__Bacteria,reject,,,
RUG421,d__Bacteria,p__Firmicutes_C,,reject,
RUG315,d__Bacteria,p__Bacteroidota,c__Bacteroidia,o__Bacteroidales,f__Bacteroidaceae
RUG392,d__Bacteria,p__Bacteroidota,c__Bacteroidia,o__Bacteroidales,f__UBA932
RUG456,d__Bacteria,reject,,,
RUG396,d__Bacteria,reject,,,
RUG108,d__Bacteria,p__Bacteroidota,c__Bacteroidia,o__Bacteroidales,f__Bacteroidaceae
RUG541,d__Bacteria,p__Bacteroidota,c__Bacteroidia,o__Bacteroidales,f__Bacteroidaceae
RUG461,d__Bacteria,p__Bacteroidota,c__Bacteroidia,o__Bacteroidales,f__Bacteroidaceae
RUG378,d__Bacteria,p__Bacteroidota,c__Bacteroidia,o__Bacteroidales,reject
RUG250,d__Bacteria,p__Bacteroidota,c__Bacteroidia,o__Bacteroidales,f__UBA932
RUG558,d__Bacteria,reject,,,
RUG549,d__Bacteria,reject,,,
RUG546,d__Bacteria,p__Bacteroidota,c__Bacteroidia,o__Bacteroidales,f__Bacteroidaceae
RUG195,d__Bacteria,p__Bacteroidota,c__Bacteroidia,o__Bacteroidales,f__Bacteroidaceae
RUG790,d__Bacteria,reject,,,
RUG660,d__Bacteria,p__Bacteroidota,c__Bacteroidia,o__Bacteroidales,f__Bacteroidaceae
RUG734,d__Bacteria,p__Bacteroidota,c__Bacteroidia,o__Bacteroidales,f__WCHB1-69
RUG061,d__Bacteria,p__Bacteroidota,c__Bacteroidia,o__Bacteroidales,reject
RUG280,d__Bacteria,p__Bacteroidota,c__Bacteroidia,o__Bacteroidales,f__Bacteroidaceae
RUG548,d__Bacteria,p__Bacteroidota,c__Bacteroidia,o__Bacteroidales,reject
RUG225,d__Bacteria,reject,,,
hRUG888,d__Bacteria,p__Bacteroidota,c__Bacteroidia,o__Bacteroidales,reject
RUG614,d__Bacteria,p__Bacteroidota,c__Bacteroidia,o__Bacteroidales,f__Bacteroidaceae
RUG278,d__Bacteria,p__Bacteroidota,c__Bacteroidia,o__Bacteroidales,f__Muribaculaceae
RUG163,d__Bacteria,reject,,,
RUG755,d__Bacteria,p__Bacteroidota,c__Bacteroidia,o__Bacteroidales,f__Muribaculaceae
RUG539,d__Bacteria,p__Bacteroidota,c__Bacteroidia,o__Bacteroidales,reject
RUG676,d__Bacteria,p__Bacteroidota,c__Bacteroidia,o__Bacteroidales,reject
RUG243,d__Bacteria,reject,,,
RUG742,d__Bacteria,p__Bacteroidota,c__Bacteroidia,o__Bacteroidales,f__Bacteroidaceae
RUG723,d__Bacteria,p__Bacteroidota,c__Bacteroidia,o__Bacteroidales,reject
RUG470,d__Bacteria,reject,,,
RUG197,d__Bacteria,p__Bacteroidota,c__Bacteroidia,o__Bacteroidales,reject
RUG457,d__Bacteria,reject,,,
RUG036,d__Bacteria,reject,,,
RUG046,d__Bacteria,p__Bacteroidota,c__Bacteroidia,o__Bacteroidales,f__Bacteroidaceae
RUG445,d__Bacteria,p__Bacteroidota,c__Bacteroidia,o__Bacteroidales,f__Bacteroidaceae
RUG435,d__Bacteria,p__Bacteroidota,c__Bacteroidia,o__Bacteroidales,f__Bacteroidaceae
RUG828,d__Bacteria,p__Bacteroidota,c__Bacteroidia,o__Bacteroidales,f__Bacteroidaceae
RUG172,d__Bacteria,p__Bacteroidota,c__Bacteroidia,o__Bacteroidales,f__Bacteroidaceae
RUG716,d__Bacteria,p__Bacteroidota,c__Bacteroidia,o__Bacteroidales,f__Paludibacteraceae
RUG589,d__Bacteria,reject,,,
RUG264,d__Bacteria,p__Bacteroidota,c__Bacteroidia,o__Bacteroidales,f__P3
RUG169,d__Bacteria,p__Bacteroidota,c__Bacteroidia,o__Bacteroidales,f__Bacteroidaceae
RUG030,d__Bacteria,p__Bacteroidota,c__Bacteroidia,o__Bacteroidales,f__Bacteroidaceae
RUG253,d__Bacteria,reject,,,
RUG590,d__Bacteria,reject,,,
RUG301,d__Bacteria,reject,,,
hRUG878,d__Bacteria,reject,,,
RUG037,d__Bacteria,p__Bacteroidota,c__Bacteroidia,o__Bacteroidales,f__Bacteroidaceae
RUG784,d__Bacteria,reject,,,
RUG184,d__Bacteria,p__Bacteroidota,c__Bacteroidia,o__Bacteroidales,f__P3
RUG631,d__Bacteria,reject,,,
RUG818,d__Bacteria,reject,,,
RUG711,d__Bacteria,p__Bacteroidota,c__Bacteroidia,o__Bacteroidales,f__Bacteroidaceae
RUG359,d__Bacteria,p__Bacteroidota,c__Bacteroidia,o__Bacteroidales,reject
RUG497,d__Bacteria,reject,,,
RUG788,d__Bacteria,p__Bacteroidota,c__Bacteroidia,o__Bacteroidales,f__Bacteroidaceae
RUG490,d__Bacteria,reject,,,
RUG257,d__Bacteria,reject,,,
RUG736,d__Bacteria,reject,,,
RUG210,d__Bacteria,p__Bacteroidota,c__Bacteroidia,reject,f__Bacteroidaceae
RUG176,d__Bacteria,p__Bacteroidota,c__Bacteroidia,o__Bacteroidales,f__Bacteroidaceae
RUG047,d__Bacteria,p__Bacteroidota,c__Bacteroidia,o__Bacteroidales,f__Bacteroidaceae
RUG310,d__Bacteria,p__Bacteroidota,c__Bacteroidia,reject,f__Bacteroidaceae
RUG379,d__Bacteria,reject,,,
RUG412,d__Bacteria,reject,,,
RUG405,d__Bacteria,p__Bacteroidota,c__Bacteroidia,o__Bacteroidales,f__Bacteroidaceae
hRUG883,d__Bacteria,p__Bacteroidota,c__Bacteroidia,o__Bacteroidales,reject
hRUG905,d__Bacteria,p__Bacteroidota,c__Bacteroidia,o__Bacteroidales,f__Bacteroidaceae
RUG192,d__Bacteria,p__Bacteroidota,c__Bacteroidia,o__Bacteroidales,reject
RUG465,d__Bacteria,p__Bacteroidota,c__Bacteroidia,o__Bacteroidales,reject
RUG697,d__Bacteria,p__Bacteroidota,c__Bacteroidia,o__Bacteroidales,f__Bacteroidaceae
RUG325,d__Bacteria,p__Bacteroidota,c__Bacteroidia,o__Bacteroidales,f__P3
RUG234,d__Bacteria,reject,,,
RUG720,d__Bacteria,reject,,,
RUG634,d__Bacteria,reject,,,
RUG737,d__Bacteria,p__Bacteroidota,c__Bacteroidia,o__Bacteroidales,f__P3
RUG562,d__Bacteria,p__Bacteroidota,c__Bacteroidia,o__Bacteroidales,f__Bacteroidaceae
RUG292,d__Bacteria,p__Bacteroidota,c__Bacteroidia,o__Bacteroidales,f__Bacteroidaceae
RUG205,d__Bacteria,reject,,,
RUG377,d__Bacteria,p__Bacteroidota,c__Bacteroidia,o__Bacteroidales,reject
RUG376,d__Bacteria,reject,,,
RUG070,d__Bacteria,reject,,,
RUG473,d__Bacteria,p__Bacteroidota,c__Bacteroidia,o__Bacteroidales,f__Bacteroidaceae
RUG699,d__Bacteria,p__Bacteroidota,c__Bacteroidia,o__Bacteroidales,reject
RUG481,d__Bacteria,reject,,,
RUG302,d__Bacteria,p__Bacteroidota,c__Bacteroidia,o__Bacteroidales,f__Bacteroidaceae
RUG615,d__Bacteria,reject,,,
RUG622,d__Bacteria,reject,,,
RUG479,d__Bacteria,reject,,,
RUG233,d__Bacteria,p__Bacteroidota,c__Bacteroidia,o__Bacteroidales,f__Bacteroidaceae
RUG232,d__Bacteria,reject,,,
RUG207,d__Bacteria,reject,,,
RUG600,d__Bacteria,reject,,,
RUG649,d__Bacteria,p__Bacteroidota,c__Bacteroidia,o__Bacteroidales,reject
RUG143,d__Bacteria,reject,,,
RUG329,d__Bacteria,p__Bacteroidota,c__Bacteroidia,o__Bacteroidales,f__P3
RUG173,d__Bacteria,p__Bacteroidota,c__Bacteroidia,reject,f__UBA932
RUG219,d__Bacteria,p__Bacteroidota,c__Bacteroidia,o__Bacteroidales,f__Bacteroidaceae
RUG507,d__Bacteria,p__Bacteroidota,c__Bacteroidia,o__Bacteroidales,f__Muribaculaceae
RUG485,d__Bacteria,reject,,,
RUG079,d__Bacteria,p__Bacteroidota,c__Bacteroidia,o__Bacteroidales,reject
RUG139,d__Bacteria,reject,,,
RUG455,d__Bacteria,reject,,,
RUG086,d__Bacteria,reject,,,
RUG659,d__Bacteria,p__Bacteroidota,c__Bacteroidia,o__Bacteroidales,f__P3
RUG469,d__Bacteria,p__Bacteroidota,c__Bacteroidia,o__Bacteroidales,reject
RUG582,d__Bacteria,p__Bacteroidota,c__Bacteroidia,o__Bacteroidales,f__Bacteroidaceae
RUG418,d__Bacteria,p__Bacteroidota,c__Bacteroidia,o__Bacteroidales,f__Bacteroidaceae
RUG685,d__Bacteria,p__Bacteroidota,c__Bacteroidia,o__Bacteroidales,f__Bacteroidaceae
RUG279,d__Bacteria,p__Bacteroidota,c__Bacteroidia,o__Bacteroidales,f__P3
RUG093,d__Bacteria,reject,,,
RUG759,d__Bacteria,p__Bacteroidota,c__Bacteroidia,o__Bacteroidales,f__Bacteroidaceae
RUG691,d__Bacteria,p__Bacteroidota,c__Bacteroidia,o__Bacteroidales,f__Bacteroidaceae
RUG383,d__Bacteria,reject,,,
RUG056,d__Bacteria,p__Bacteroidota,c__Bacteroidia,o__Bacteroidales,reject
RUG124,d__Bacteria,p__Bacteroidota,c__Bacteroidia,o__Bacteroidales,f__Bacteroidaceae
RUG324,d__Bacteria,p__Bacteroidota,c__Bacteroidia,o__Bacteroidales,reject
RUG390,d__Bacteria,p__Bacteroidota,c__Bacteroidia,o__Bacteroidales,reject
RUG142,d__Bacteria,reject,,,
RUG160,d__Bacteria,p__Bacteroidota,c__Bacteroidia,o__Bacteroidales,f__Bacteroidaceae
RUG587,d__Bacteria,p__Bacteroidota,c__Bacteroidia,o__Bacteroidales,f__Bacteroidaceae
RUG624,d__Bacteria,p__Bacteroidota,c__Bacteroidia,o__Bacteroidales,f__Bacteroidaceae
RUG482,d__Bacteria,p__Bacteroidota,c__Bacteroidia,o__Bacteroidales,reject
RUG380,d__Bacteria,p__Bacteroidota,c__Bacteroidia,o__Bacteroidales,reject
RUG209,d__Bacteria,p__Bacteroidota,c__Bacteroidia,o__Bacteroidales,f__Bacteroidaceae
RUG812,d__Bacteria,p__Bacteroidota,c__Bacteroidia,o__Bacteroidales,reject
RUG505,d__Bacteria,reject,,,
RUG602,d__Bacteria,p__Bacteroidota,c__Bacteroidia,o__Bacteroidales,f__Bacteroidaceae
RUG751,d__Bacteria,reject,,,
RUG639,d__Bacteria,reject,,,
RUG101,d__Bacteria,p__Bacteroidota,c__Bacteroidia,o__Bacteroidales,f__Bacteroidaceae
RUG693,d__Bacteria,p__Bacteroidota,c__Bacteroidia,o__Bacteroidales,f__Bacteroidaceae
hRUG909,d__Bacteria,reject,,,
RUG749,d__Bacteria,p__Bacteroidota,c__Bacteroidia,o__Bacteroidales,f__Bacteroidaceae
RUG107,d__Bacteria,p__Bacteroidota,c__Bacteroidia,o__Bacteroidales,f__Bacteroidaceae
RUG063,d__Bacteria,reject,,,
RUG519,d__Bacteria,p__Bacteroidota,c__Bacteroidia,o__Bacteroidales,reject
RUG245,d__Bacteria,p__Bacteroidota,c__Bacteroidia,o__Bacteroidales,reject
RUG164,d__Bacteria,p__Bacteroidota,c__Bacteroidia,o__Bacteroidales,f__F082
RUG454,d__Bacteria,reject,,,
RUG178,d__Bacteria,p__Bacteroidota,c__Bacteroidia,o__Bacteroidales,f__Bacteroidaceae
RUG800,d__Bacteria,reject,,,
RUG644,d__Bacteria,reject,,,
RUG414,d__Bacteria,p__Bacteroidota,c__Bacteroidia,o__Bacteroidales,f__Bacteroidaceae
RUG058,d__Bacteria,p__Bacteroidota,c__Bacteroidia,o__Bacteroidales,reject
RUG395,d__Bacteria,reject,,,
RUG771,d__Bacteria,p__Bacteroidota,c__Bacteroidia,o__Bacteroidales,f__Bacteroidaceae
RUG837,d__Bacteria,p__Bacteroidota,c__Bacteroidia,o__Bacteroidales,f__Bacteroidaceae
RUG657,d__Bacteria,reject,,,
RUG330,d__Bacteria,reject,,,
RUG269,d__Bacteria,reject,,,
RUG174,d__Bacteria,reject,,,
RUG406,d__Bacteria,reject,,,
RUG355,d__Bacteria,reject,,,
RUG387,d__Bacteria,reject,,,
RUG827,d__Bacteria,p__Bacteroidota,c__Bacteroidia,o__Bacteroidales,f__Bacteroidaceae
hRUG857,d__Bacteria,p__Bacteroidota,c__Bacteroidia,o__Bacteroidales,f__Muribaculaceae
RUG553,d__Bacteria,reject,,,
RUG532,d__Bacteria,reject,,,
RUG795,d__Bacteria,reject,,,
RUG843,d__Bacteria,p__Bacteroidota,c__Bacteroidia,o__Bacteroidales,f__Bacteroidaceae
RUG689,d__Bacteria,p__Bacteroidota,c__Bacteroidia,reject,f__Bacteroidaceae
RUG126,d__Bacteria,reject,,,
RUG165,d__Bacteria,p__Bacteroidota,c__Bacteroidia,o__Bacteroidales,f__P3
RUG373,d__Bacteria,reject,,,
RUG451,d__Bacteria,p__Bacteroidota,c__Bacteroidia,o__Bacteroidales,f__Bacteroidaceae
RUG715,d__Bacteria,reject,,,
RUG536,d__Bacteria,p__Bacteroidota,c__Bacteroidia,reject,reject
RUG506,d__Bacteria,p__Bacteroidota,c__Bacteroidia,o__Bacteroidales,reject
RUG606,d__Bacteria,p__Bacteroidota,c__Bacteroidia,o__Bacteroidales,f__Bacteroidaceae
RUG766,d__Bacteria,p__Bacteroidota,c__Bacteroidia,o__Bacteroidales,f__Bacteroidaceae
RUG059,d__Bacteria,p__Bacteroidota,c__Bacteroidia,o__Bacteroidales,f__Bacteroidaceae
RUG358,d__Bacteria,p__Bacteroidota,c__Bacteroidia,o__Bacteroidales,f__F082
RUG753,d__Bacteria,p__Bacteroidota,c__Bacteroidia,o__Bacteroidales,f__Bacteroidaceae
RUG348,d__Bacteria,p__Bacteroidota,c__Bacteroidia,o__Bacteroidales,reject
RUG434,d__Bacteria,reject,,,
RUG744,d__Bacteria,reject,,,
RUG312,d__Bacteria,p__Bacteroidota,c__Bacteroidia,reject,reject
RUG450,d__Bacteria,reject,,,
RUG071,d__Bacteria,p__Bacteroidota,c__Bacteroidia,o__Bacteroidales,f__Bacteroidaceae
RUG295,d__Bacteria,reject,,,
RUG620,d__Bacteria,p__Bacteroidota,c__Bacteroidia,o__Bacteroidales,f__Bacteroidaceae
hRUG873,d__Bacteria,reject,,,
RUG265,d__Bacteria,p__Bacteroidota,c__Bacteroidia,o__Bacteroidales,reject
RUG785,d__Bacteria,p__Bacteroidota,c__Bacteroidia,o__Bacteroidales,f__Bacteroidaceae
RUG568,d__Bacteria,reject,,,
RUG281,d__Bacteria,reject,,,
hRUG879,d__Bacteria,reject,,,
RUG249,d__Bacteria,p__Bacteroidota,c__Bacteroidia,o__Bacteroidales,f__Bacteroidaceae
RUG668,d__Bacteria,p__Bacteroidota,c__Bacteroidia,o__Bacteroidales,f__Bacteroidaceae
RUG430,d__Bacteria,p__Bacteroidota,c__Bacteroidia,o__Bacteroidales,f__Bacteroidaceae
RUG424,d__Bacteria,p__Bacteroidota,c__Bacteroidia,o__Bacteroidales,f__Bacteroidaceae
RUG224,d__Bacteria,p__Bacteroidota,c__Bacteroidia,o__Bacteroidales,f__Bacteroidaceae
RUG443,d__Bacteria,p__Bacteroidota,c__Bacteroidia,o__Bacteroidales,f__Bacteroidaceae
RUG707,d__Bacteria,reject,,,
RUG125,d__Bacteria,reject,,,
RUG134,d__Bacteria,p__Bacteroidota,c__Bacteroidia,o__Bacteroidales,f__P3
RUG228,d__Bacteria,p__Bacteroidota,c__Bacteroidia,o__Bacteroidales,f__Muribaculaceae
RUG136,d__Bacteria,p__Bacteroidota,c__Bacteroidia,o__Bacteroidales,f__Bacteroidaceae
RUG599,d__Bacteria,p__Bacteroidota,c__Bacteroidia,o__Bacteroidales,f__Bacteroidaceae
RUG528,d__Bacteria,reject,,,
RUG603,d__Bacteria,reject,,,
RUG436,d__Bacteria,reject,,,
RUG773,d__Bacteria,reject,,,
hRUG913,d__Bacteria,p__Bacteroidota,c__Bacteroidia,o__Bacteroidales,f__Bacteroidaceae
RUG496,d__Bacteria,p__Bacteroidota,c__Bacteroidia,o__Bacteroidales,f__Muribaculaceae
RUG501,d__Bacteria,reject,,,
RUG204,d__Bacteria,p__Bacteroidota,c__Bacteroidia,o__Bacteroidales,f__Bacteroidaceae
RUG786,d__Bacteria,reject,,,
RUG619,d__Bacteria,reject,,,
RUG533,d__Bacteria,p__Bacteroidota,c__Bacteroidia,o__Bacteroidales,f__Bacteroidaceae
RUG182,d__Bacteria,p__Bacteroidota,c__Bacteroidia,o__Bacteroidales,f__WCHB1-69
RUG413,d__Bacteria,p__Bacteroidota,c__Bacteroidia,o__Bacteroidales,f__Bacteroidaceae
RUG839,d__Bacteria,p__Bacteroidota,c__Bacteroidia,o__Bacteroidales,f__Bacteroidaceae
RUG403,d__Bacteria,p__Bacteroidota,c__Bacteroidia,o__Bacteroidales,f__Bacteroidaceae
RUG137,d__Bacteria,p__Bacteroidota,c__Bacteroidia,o__Bacteroidales,reject
hRUG907,d__Bacteria,reject,,,
RUG415,d__Bacteria,p__Bacteroidota,c__Bacteroidia,o__Bacteroidales,reject
RUG504,d__Bacteria,reject,,,
RUG244,d__Bacteria,reject,,,
RUG571,d__Bacteria,p__Bacteroidota,c__Bacteroidia,o__Bacteroidales,f__Bacteroidaceae
RUG386,d__Bacteria,reject,,,
RUG317,d__Bacteria,p__Bacteroidota,c__Bacteroidia,o__Bacteroidales,f__Bacteroidaceae
RUG815,d__Bacteria,p__Bacteroidota,c__Bacteroidia,o__Bacteroidales,f__Bacteroidaceae
RUG069,d__Bacteria,p__Bacteroidota,c__Bacteroidia,o__Bacteroidales,f__Bacteroidaceae
RUG382,d__Bacteria,reject,,,
RUG073,d__Bacteria,p__Bacteroidota,c__Bacteroidia,o__Bacteroidales,f__Bacteroidaceae
RUG544,d__Bacteria,p__Bacteroidota,c__Bacteroidia,reject,f__UBA932
RUG440,d__Bacteria,reject,,,
hRUG890,d__Bacteria,reject,,,
RUG039,d__Bacteria,reject,,,
RUG836,d__Bacteria,p__Actinobacteriota,,,
RUG025,d__Bacteria,p__Actinobacteriota,,,
RUG729,d__Bacteria,p__Actinobacteriota,,,
RUG768,d__Bacteria,p__Actinobacteriota,,,
RUG013,d__Bacteria,reject,,,
RUG721,d__Bacteria,p__Actinobacteriota,,,
RUG040,d__Bacteria,reject,,,
RUG844,d__Bacteria,reject,,,
RUG161,d__Bacteria,reject,,,
RUG802,d__Bacteria,p__Actinobacteriota,,,
RUG077,d__Bacteria,reject,,,
RUG725,d__Bacteria,p__Actinobacteriota,,,
RUG133,d__Bacteria,reject,,,
RUG162,d__Bacteria,reject,,,
RUG654,d__Bacteria,reject,,,
RUG082,d__Bacteria,p__Actinobacteriota,,o__Actinomycetales,
RUG033,d__Bacteria,reject,,,
RUG002,d__Bacteria,reject,,,
RUG778,d__Bacteria,reject,,,
RUG032,d__Bacteria,reject,,,
RUG422,d__Bacteria,p__Actinobacteriota,,reject,
RUG001,d__Bacteria,p__Actinobacteriota,,,
hRUG864,d__Bacteria,reject,,,
RUG078,d__Bacteria,reject,,,
RUG188,d__Bacteria,reject,,,
RUG004,d__Bacteria,reject,,,
RUG014,d__Bacteria,reject,,,
RUG804,d__Bacteria,reject,,,
hRUG891,d__Bacteria,reject,,,